p_sigma,p_mu,p_defect,defect_coordinate,defect_type,distance,rounds,shots,errors,ler_shot,ler_round,noise_model
0.006,0.00127427498570313,0.0,"(2, 2)",center data,3,3,50000,5846,0.11692,0.03897333333,heterogeneous-defect
0.006,0.001,0.5,"(2, 2)",center data,3,3,50000,10349,0.20698,0.06899333333,heterogeneous-defect
0.006,0.001,0.0,"(2, 2)",center data,3,3,50000,7707,0.15414,0.05138,heterogeneous-defect
0.006,0.00127427498570313,0.05,"(2, 2)",center data,3,3,50000,7636,0.15272,0.05090666667,heterogeneous-defect
0.006,0.00127427498570313,0.25,"(2, 2)",center data,3,3,50000,3497,0.06994,0.02331333333,heterogeneous-defect
0.006,0.001,0.75,"(2, 2)",center data,3,3,50000,7397,0.14794,0.04931333333,heterogeneous-defect
0.006,0.00162377673918872,0.0,"(2, 2)",center data,3,3,50000,10517,0.21034,0.07011333333,heterogeneous-defect
0.006,0.00127427498570313,0.5,"(2, 2)",center data,3,3,50000,8483,0.16966,0.05655333333,heterogeneous-defect
0.006,0.00162377673918872,0.05,"(2, 2)",center data,3,3,50000,9380,0.1876,0.06253333333,heterogeneous-defect
0.006,0.00127427498570313,0.75,"(2, 2)",center data,3,3,50000,10259,0.20518,0.06839333333,heterogeneous-defect
0.006,0.001,0.05,"(2, 2)",center data,3,3,50000,6354,0.12708,0.04236,heterogeneous-defect
0.006,0.001,0.25,"(2, 2)",center data,3,3,50000,7428,0.14856,0.04952,heterogeneous-defect
0.006,0.00162377673918872,0.25,"(2, 2)",center data,3,3,50000,11361,0.22722,0.07574,heterogeneous-defect
0.006,0.00162377673918872,0.5,"(2, 2)",center data,3,3,50000,12192,0.24384,0.08128,heterogeneous-defect
0.006,0.00162377673918872,0.75,"(2, 2)",center data,3,3,50000,11907,0.23814,0.07938,heterogeneous-defect
0.006,0.00206913808111479,0.0,"(2, 2)",center data,3,3,50000,7774,0.15548,0.05182666667,heterogeneous-defect
0.006,0.00206913808111479,0.05,"(2, 2)",center data,3,3,50000,5286,0.10572,0.03524,heterogeneous-defect
0.006,0.00206913808111479,0.25,"(2, 2)",center data,3,3,50000,7739,0.15478,0.05159333333,heterogeneous-defect
0.006,0.00206913808111479,0.5,"(2, 2)",center data,3,3,50000,7605,0.1521,0.0507,heterogeneous-defect
0.006,0.00206913808111479,0.75,"(2, 2)",center data,3,3,50000,10326,0.20652,0.06884,heterogeneous-defect
0.006,0.00263665089873036,0.0,"(2, 2)",center data,3,3,50000,9351,0.18702,0.06234,heterogeneous-defect
0.006,0.00263665089873036,0.05,"(2, 2)",center data,3,3,50000,8780,0.1756,0.05853333333,heterogeneous-defect
0.006,0.00263665089873036,0.25,"(2, 2)",center data,3,3,50000,5824,0.11648,0.03882666667,heterogeneous-defect
0.006,0.00263665089873036,0.5,"(2, 2)",center data,3,3,50000,10345,0.2069,0.06896666667,heterogeneous-defect
0.006,0.00263665089873036,0.75,"(2, 2)",center data,3,3,50000,6877,0.13754,0.04584666667,heterogeneous-defect
0.006,0.00335981828628378,0.0,"(2, 2)",center data,3,3,50000,9090,0.1818,0.0606,heterogeneous-defect
0.006,0.00335981828628378,0.05,"(2, 2)",center data,3,3,50000,8829,0.17658,0.05886,heterogeneous-defect
0.006,0.00335981828628378,0.25,"(2, 2)",center data,3,3,50000,12989,0.25978,0.08659333333,heterogeneous-defect
0.006,0.00335981828628378,0.5,"(2, 2)",center data,3,3,50000,9725,0.1945,0.06483333333,heterogeneous-defect
0.006,0.00335981828628378,0.75,"(2, 2)",center data,3,3,50000,6461,0.12922,0.04307333333,heterogeneous-defect
0.006,0.0042813323987194,0.0,"(2, 2)",center data,3,3,50000,6374,0.12748,0.04249333333,heterogeneous-defect
0.006,0.0042813323987194,0.05,"(2, 2)",center data,3,3,50000,8446,0.16892,0.05630666667,heterogeneous-defect
0.006,0.0042813323987194,0.25,"(2, 2)",center data,3,3,50000,11979,0.23958,0.07986,heterogeneous-defect
0.006,0.0042813323987194,0.5,"(2, 2)",center data,3,3,50000,11908,0.23816,0.07938666667,heterogeneous-defect
0.006,0.0042813323987194,0.75,"(2, 2)",center data,3,3,50000,7574,0.15148,0.05049333333,heterogeneous-defect
0.006,0.00545559478116852,0.0,"(2, 2)",center data,3,3,50000,11726,0.23452,0.07817333333,heterogeneous-defect
0.006,0.00545559478116852,0.05,"(2, 2)",center data,3,3,50000,11042,0.22084,0.07361333333,heterogeneous-defect
0.006,0.00545559478116852,0.25,"(2, 2)",center data,3,3,50000,11378,0.22756,0.07585333333,heterogeneous-defect
0.006,0.00545559478116852,0.5,"(2, 2)",center data,3,3,50000,12961,0.25922,0.08640666667,heterogeneous-defect
0.006,0.00545559478116852,0.75,"(2, 2)",center data,3,3,50000,10798,0.21596,0.07198666667,heterogeneous-defect
0.006,0.0069519279617756,0.0,"(2, 2)",center data,3,3,50000,10991,0.21982,0.07327333333,heterogeneous-defect
0.006,0.0069519279617756,0.05,"(2, 2)",center data,3,3,50000,14085,0.2817,0.0939,heterogeneous-defect
0.006,0.0069519279617756,0.25,"(2, 2)",center data,3,3,50000,15792,0.31584,0.10528,heterogeneous-defect
0.006,0.0069519279617756,0.5,"(2, 2)",center data,3,3,50000,10547,0.21094,0.07031333333,heterogeneous-defect
0.006,0.0069519279617756,0.75,"(2, 2)",center data,3,3,50000,13078,0.26156,0.08718666667,heterogeneous-defect
0.006,0.00885866790410082,0.0,"(2, 2)",center data,3,3,50000,14434,0.28868,0.09622666667,heterogeneous-defect
0.006,0.00885866790410082,0.05,"(2, 2)",center data,3,3,50000,14938,0.29876,0.09958666667,heterogeneous-defect
0.006,0.00885866790410082,0.25,"(2, 2)",center data,3,3,50000,11593,0.23186,0.07728666667,heterogeneous-defect
0.006,0.00885866790410082,0.5,"(2, 2)",center data,3,3,50000,13830,0.2766,0.0922,heterogeneous-defect
0.006,0.00885866790410082,0.75,"(2, 2)",center data,3,3,50000,16980,0.3396,0.1132,heterogeneous-defect
0.006,0.0112883789168469,0.0,"(2, 2)",center data,3,3,50000,15795,0.3159,0.1053,heterogeneous-defect
0.006,0.0112883789168469,0.05,"(2, 2)",center data,3,3,50000,16286,0.32572,0.1085733333,heterogeneous-defect
0.006,0.0112883789168469,0.25,"(2, 2)",center data,3,3,50000,13500,0.27,0.09,heterogeneous-defect
0.006,0.0112883789168469,0.5,"(2, 2)",center data,3,3,50000,14767,0.29534,0.09844666667,heterogeneous-defect
0.006,0.0112883789168469,0.75,"(2, 2)",center data,3,3,50000,11857,0.23714,0.07904666667,heterogeneous-defect
0.006,0.0143844988828766,0.0,"(2, 2)",center data,3,3,50000,14539,0.29078,0.09692666667,heterogeneous-defect
0.006,0.0143844988828766,0.05,"(2, 2)",center data,3,3,50000,13596,0.27192,0.09064,heterogeneous-defect
0.006,0.0143844988828766,0.25,"(2, 2)",center data,3,3,50000,19710,0.3942,0.1314,heterogeneous-defect
0.006,0.0143844988828766,0.5,"(2, 2)",center data,3,3,50000,18387,0.36774,0.12258,heterogeneous-defect
0.006,0.0143844988828766,0.75,"(2, 2)",center data,3,3,50000,18673,0.37346,0.1244866667,heterogeneous-defect
0.006,0.0183298071083244,0.0,"(2, 2)",center data,3,3,50000,17745,0.3549,0.1183,heterogeneous-defect
0.006,0.0183298071083244,0.05,"(2, 2)",center data,3,3,50000,17705,0.3541,0.1180333333,heterogeneous-defect
0.006,0.0183298071083244,0.5,"(2, 2)",center data,3,3,50000,19540,0.3908,0.1302666667,heterogeneous-defect
0.006,0.0183298071083244,0.25,"(2, 2)",center data,3,3,50000,22380,0.4476,0.1492,heterogeneous-defect
0.006,0.0183298071083244,0.75,"(2, 2)",center data,3,3,50000,19298,0.38596,0.1286533333,heterogeneous-defect
0.006,0.0233572146909012,0.0,"(2, 2)",center data,3,3,50000,21926,0.43852,0.1461733333,heterogeneous-defect
0.006,0.0233572146909012,0.05,"(2, 2)",center data,3,3,50000,21183,0.42366,0.14122,heterogeneous-defect
0.006,0.0233572146909012,0.25,"(2, 2)",center data,3,3,50000,21841,0.43682,0.1456066667,heterogeneous-defect
0.006,0.0233572146909012,0.5,"(2, 2)",center data,3,3,50000,22159,0.44318,0.1477266667,heterogeneous-defect
0.006,0.0233572146909012,0.75,"(2, 2)",center data,3,3,50000,21822,0.43644,0.14548,heterogeneous-defect
0.006,0.0297635144163132,0.0,"(2, 2)",center data,3,3,50000,22984,0.45968,0.1532266667,heterogeneous-defect
0.006,0.0297635144163132,0.05,"(2, 2)",center data,3,3,50000,23505,0.4701,0.1567,heterogeneous-defect
0.006,0.0297635144163132,0.25,"(2, 2)",center data,3,3,50000,24146,0.48292,0.1609733333,heterogeneous-defect
0.006,0.0297635144163132,0.5,"(2, 2)",center data,3,3,50000,23436,0.46872,0.15624,heterogeneous-defect
0.006,0.0297635144163132,0.75,"(2, 2)",center data,3,3,50000,22952,0.45904,0.1530133333,heterogeneous-defect
0.006,0.0379269019073225,0.0,"(2, 2)",center data,3,3,50000,23854,0.47708,0.1590266667,heterogeneous-defect
0.006,0.0379269019073225,0.05,"(2, 2)",center data,3,3,50000,24676,0.49352,0.1645066667,heterogeneous-defect
0.006,0.0379269019073225,0.25,"(2, 2)",center data,3,3,50000,24760,0.4952,0.1650666667,heterogeneous-defect
0.006,0.0379269019073225,0.5,"(2, 2)",center data,3,3,50000,24472,0.48944,0.1631466667,heterogeneous-defect
0.006,0.0379269019073225,0.75,"(2, 2)",center data,3,3,50000,24385,0.4877,0.1625666667,heterogeneous-defect
0.006,0.0483293023857175,0.0,"(2, 2)",center data,3,3,50000,24733,0.49466,0.1648866667,heterogeneous-defect
0.006,0.0483293023857175,0.05,"(2, 2)",center data,3,3,50000,25118,0.50236,0.1674533333,heterogeneous-defect
0.006,0.0483293023857175,0.25,"(2, 2)",center data,3,3,50000,24887,0.49774,0.1659133333,heterogeneous-defect
0.006,0.0483293023857175,0.5,"(2, 2)",center data,3,3,50000,24740,0.4948,0.1649333333,heterogeneous-defect
0.006,0.0483293023857175,0.75,"(2, 2)",center data,3,3,50000,24857,0.49714,0.1657133333,heterogeneous-defect
0.006,0.0615848211066026,0.0,"(2, 2)",center data,3,3,50000,25012,0.50024,0.1667466667,heterogeneous-defect
0.006,0.0615848211066026,0.05,"(2, 2)",center data,3,3,50000,25007,0.50014,0.1667133333,heterogeneous-defect
0.006,0.0615848211066026,0.25,"(2, 2)",center data,3,3,50000,24968,0.49936,0.1664533333,heterogeneous-defect
0.006,0.0615848211066026,0.5,"(2, 2)",center data,3,3,50000,24910,0.4982,0.1660666667,heterogeneous-defect
0.006,0.0615848211066026,0.75,"(2, 2)",center data,3,3,50000,24877,0.49754,0.1658466667,heterogeneous-defect
0.006,0.0784759970351461,0.0,"(2, 2)",center data,3,3,50000,25044,0.50088,0.16696,heterogeneous-defect
0.006,0.0784759970351461,0.05,"(2, 2)",center data,3,3,50000,24963,0.49926,0.16642,heterogeneous-defect
0.006,0.0784759970351461,0.25,"(2, 2)",center data,3,3,50000,25169,0.50338,0.1677933333,heterogeneous-defect
0.006,0.0784759970351461,0.5,"(2, 2)",center data,3,3,50000,24936,0.49872,0.16624,heterogeneous-defect
0.006,0.0784759970351461,0.75,"(2, 2)",center data,3,3,50000,24901,0.49802,0.1660066667,heterogeneous-defect
0.006,0.1,0.0,"(2, 2)",center data,3,3,50000,24804,0.49608,0.16536,heterogeneous-defect
0.006,0.1,0.05,"(2, 2)",center data,3,3,50000,25103,0.50206,0.1673533333,heterogeneous-defect
0.006,0.1,0.25,"(2, 2)",center data,3,3,50000,25031,0.50062,0.1668733333,heterogeneous-defect
0.006,0.1,0.5,"(2, 2)",center data,3,3,50000,24831,0.49662,0.16554,heterogeneous-defect
0.006,0.1,0.75,"(2, 2)",center data,3,3,50000,24991,0.49982,0.1666066667,heterogeneous-defect
0.006,0.001,0.5,"(3, 3)",center data,5,3,50000,4288,0.08576,0.02858666667,heterogeneous-defect
0.006,0.00162377673918872,0.05,"(3, 3)",center data,5,3,50000,2665,0.0533,0.01776666667,heterogeneous-defect
0.006,0.001,0.25,"(3, 3)",center data,5,3,50000,3485,0.0697,0.02323333333,heterogeneous-defect
0.006,0.00127427498570313,0.75,"(3, 3)",center data,5,3,50000,5447,0.10894,0.03631333333,heterogeneous-defect
0.006,0.001,0.0,"(3, 3)",center data,5,3,50000,1955,0.0391,0.01303333333,heterogeneous-defect
0.006,0.00127427498570313,0.25,"(3, 3)",center data,5,3,50000,2572,0.05144,0.01714666667,heterogeneous-defect
0.006,0.00127427498570313,0.0,"(3, 3)",center data,5,3,50000,2822,0.05644,0.01881333333,heterogeneous-defect
0.006,0.00127427498570313,0.05,"(3, 3)",center data,5,3,50000,3894,0.07788,0.02596,heterogeneous-defect
0.006,0.00162377673918872,0.0,"(3, 3)",center data,5,3,50000,1977,0.03954,0.01318,heterogeneous-defect
0.006,0.001,0.05,"(3, 3)",center data,5,3,50000,3381,0.06762,0.02254,heterogeneous-defect
0.006,0.00127427498570313,0.5,"(3, 3)",center data,5,3,50000,4235,0.0847,0.02823333333,heterogeneous-defect
0.006,0.001,0.75,"(3, 3)",center data,5,3,50000,2025,0.0405,0.0135,heterogeneous-defect
0.006,0.00162377673918872,0.25,"(3, 3)",center data,5,3,50000,3611,0.07222,0.02407333333,heterogeneous-defect
0.006,0.00162377673918872,0.75,"(3, 3)",center data,5,3,50000,4901,0.09802,0.03267333333,heterogeneous-defect
0.006,0.00162377673918872,0.5,"(3, 3)",center data,5,3,50000,3651,0.07302,0.02434,heterogeneous-defect
0.006,0.00206913808111479,0.0,"(3, 3)",center data,5,3,50000,2349,0.04698,0.01566,heterogeneous-defect
0.006,0.00206913808111479,0.05,"(3, 3)",center data,5,3,50000,3884,0.07768,0.02589333333,heterogeneous-defect
0.006,0.00206913808111479,0.25,"(3, 3)",center data,5,3,50000,5200,0.104,0.03466666667,heterogeneous-defect
0.006,0.00206913808111479,0.5,"(3, 3)",center data,5,3,50000,6908,0.13816,0.04605333333,heterogeneous-defect
0.006,0.00206913808111479,0.75,"(3, 3)",center data,5,3,50000,5702,0.11404,0.03801333333,heterogeneous-defect
0.006,0.00263665089873036,0.0,"(3, 3)",center data,5,3,50000,3338,0.06676,0.02225333333,heterogeneous-defect
0.006,0.00263665089873036,0.05,"(3, 3)",center data,5,3,50000,4840,0.0968,0.03226666667,heterogeneous-defect
0.006,0.00263665089873036,0.25,"(3, 3)",center data,5,3,50000,6216,0.12432,0.04144,heterogeneous-defect
0.006,0.00263665089873036,0.5,"(3, 3)",center data,5,3,50000,4055,0.0811,0.02703333333,heterogeneous-defect
0.006,0.00263665089873036,0.75,"(3, 3)",center data,5,3,50000,5528,0.11056,0.03685333333,heterogeneous-defect
0.006,0.00335981828628378,0.0,"(3, 3)",center data,5,3,50000,2389,0.04778,0.01592666667,heterogeneous-defect
0.006,0.00335981828628378,0.05,"(3, 3)",center data,5,3,50000,7084,0.14168,0.04722666667,heterogeneous-defect
0.006,0.00335981828628378,0.25,"(3, 3)",center data,5,3,50000,5863,0.11726,0.03908666667,heterogeneous-defect
0.006,0.00335981828628378,0.5,"(3, 3)",center data,5,3,50000,7293,0.14586,0.04862,heterogeneous-defect
0.006,0.00335981828628378,0.75,"(3, 3)",center data,5,3,50000,5912,0.11824,0.03941333333,heterogeneous-defect
0.006,0.0042813323987194,0.0,"(3, 3)",center data,5,3,50000,3558,0.07116,0.02372,heterogeneous-defect
0.006,0.0042813323987194,0.05,"(3, 3)",center data,5,3,50000,5448,0.10896,0.03632,heterogeneous-defect
0.006,0.0042813323987194,0.25,"(3, 3)",center data,5,3,50000,3515,0.0703,0.02343333333,heterogeneous-defect
0.006,0.0042813323987194,0.5,"(3, 3)",center data,5,3,50000,4753,0.09506,0.03168666667,heterogeneous-defect
0.006,0.0042813323987194,0.75,"(3, 3)",center data,5,3,50000,7849,0.15698,0.05232666667,heterogeneous-defect
0.006,0.00545559478116852,0.0,"(3, 3)",center data,5,3,50000,4397,0.08794,0.02931333333,heterogeneous-defect
0.006,0.00545559478116852,0.05,"(3, 3)",center data,5,3,50000,6268,0.12536,0.04178666667,heterogeneous-defect
0.006,0.00545559478116852,0.25,"(3, 3)",center data,5,3,50000,8366,0.16732,0.05577333333,heterogeneous-defect
0.006,0.00545559478116852,0.5,"(3, 3)",center data,5,3,50000,6626,0.13252,0.04417333333,heterogeneous-defect
0.006,0.00545559478116852,0.75,"(3, 3)",center data,5,3,50000,9387,0.18774,0.06258,heterogeneous-defect
0.006,0.0069519279617756,0.0,"(3, 3)",center data,5,3,50000,4649,0.09298,0.03099333333,heterogeneous-defect
0.006,0.0069519279617756,0.05,"(3, 3)",center data,5,3,50000,5849,0.11698,0.03899333333,heterogeneous-defect
0.006,0.0069519279617756,0.25,"(3, 3)",center data,5,3,50000,7826,0.15652,0.05217333333,heterogeneous-defect
0.006,0.0069519279617756,0.5,"(3, 3)",center data,5,3,50000,8222,0.16444,0.05481333333,heterogeneous-defect
0.006,0.0069519279617756,0.75,"(3, 3)",center data,5,3,50000,7963,0.15926,0.05308666667,heterogeneous-defect
0.006,0.00885866790410082,0.05,"(3, 3)",center data,5,3,50000,10700,0.214,0.07133333333,heterogeneous-defect
0.006,0.00885866790410082,0.0,"(3, 3)",center data,5,3,50000,8222,0.16444,0.05481333333,heterogeneous-defect
0.006,0.00885866790410082,0.25,"(3, 3)",center data,5,3,50000,11433,0.22866,0.07622,heterogeneous-defect
0.006,0.00885866790410082,0.5,"(3, 3)",center data,5,3,50000,8375,0.1675,0.05583333333,heterogeneous-defect
0.006,0.00885866790410082,0.75,"(3, 3)",center data,5,3,50000,11170,0.2234,0.07446666667,heterogeneous-defect
0.006,0.0112883789168469,0.0,"(3, 3)",center data,5,3,50000,12065,0.2413,0.08043333333,heterogeneous-defect
0.006,0.0112883789168469,0.05,"(3, 3)",center data,5,3,50000,13584,0.27168,0.09056,heterogeneous-defect
0.006,0.0112883789168469,0.25,"(3, 3)",center data,5,3,50000,11934,0.23868,0.07956,heterogeneous-defect
0.006,0.0112883789168469,0.5,"(3, 3)",center data,5,3,50000,14389,0.28778,0.09592666667,heterogeneous-defect
0.006,0.0112883789168469,0.75,"(3, 3)",center data,5,3,50000,13926,0.27852,0.09284,heterogeneous-defect
0.006,0.0143844988828766,0.0,"(3, 3)",center data,5,3,50000,13271,0.26542,0.08847333333,heterogeneous-defect
0.006,0.0143844988828766,0.05,"(3, 3)",center data,5,3,50000,15423,0.30846,0.10282,heterogeneous-defect
0.006,0.0143844988828766,0.25,"(3, 3)",center data,5,3,50000,18810,0.3762,0.1254,heterogeneous-defect
0.006,0.0143844988828766,0.5,"(3, 3)",center data,5,3,50000,18695,0.3739,0.1246333333,heterogeneous-defect
0.006,0.0143844988828766,0.75,"(3, 3)",center data,5,3,50000,17270,0.3454,0.1151333333,heterogeneous-defect
0.006,0.0183298071083244,0.0,"(3, 3)",center data,5,3,50000,18489,0.36978,0.12326,heterogeneous-defect
0.006,0.0183298071083244,0.05,"(3, 3)",center data,5,3,50000,18203,0.36406,0.1213533333,heterogeneous-defect
0.006,0.0183298071083244,0.25,"(3, 3)",center data,5,3,50000,21787,0.43574,0.1452466667,heterogeneous-defect
0.006,0.0183298071083244,0.5,"(3, 3)",center data,5,3,50000,20817,0.41634,0.13878,heterogeneous-defect
0.006,0.0183298071083244,0.75,"(3, 3)",center data,5,3,50000,21810,0.4362,0.1454,heterogeneous-defect
0.006,0.0233572146909012,0.0,"(3, 3)",center data,5,3,50000,21294,0.42588,0.14196,heterogeneous-defect
0.006,0.0233572146909012,0.05,"(3, 3)",center data,5,3,50000,22890,0.4578,0.1526,heterogeneous-defect
0.006,0.0233572146909012,0.25,"(3, 3)",center data,5,3,50000,23128,0.46256,0.1541866667,heterogeneous-defect
0.006,0.0233572146909012,0.5,"(3, 3)",center data,5,3,50000,22721,0.45442,0.1514733333,heterogeneous-defect
0.006,0.0233572146909012,0.75,"(3, 3)",center data,5,3,50000,23255,0.4651,0.1550333333,heterogeneous-defect
0.006,0.0297635144163132,0.0,"(3, 3)",center data,5,3,50000,23958,0.47916,0.15972,heterogeneous-defect
0.006,0.0297635144163132,0.05,"(3, 3)",center data,5,3,50000,24166,0.48332,0.1611066667,heterogeneous-defect
0.006,0.0297635144163132,0.25,"(3, 3)",center data,5,3,50000,24242,0.48484,0.1616133333,heterogeneous-defect
0.006,0.0297635144163132,0.5,"(3, 3)",center data,5,3,50000,24487,0.48974,0.1632466667,heterogeneous-defect
0.006,0.0297635144163132,0.75,"(3, 3)",center data,5,3,50000,24642,0.49284,0.16428,heterogeneous-defect
0.006,0.0379269019073225,0.0,"(3, 3)",center data,5,3,50000,24869,0.49738,0.1657933333,heterogeneous-defect
0.006,0.0379269019073225,0.05,"(3, 3)",center data,5,3,50000,24921,0.49842,0.16614,heterogeneous-defect
0.006,0.0379269019073225,0.25,"(3, 3)",center data,5,3,50000,24862,0.49724,0.1657466667,heterogeneous-defect
0.006,0.0379269019073225,0.5,"(3, 3)",center data,5,3,50000,24921,0.49842,0.16614,heterogeneous-defect
0.006,0.0379269019073225,0.75,"(3, 3)",center data,5,3,50000,24987,0.49974,0.16658,heterogeneous-defect
0.006,0.0483293023857175,0.0,"(3, 3)",center data,5,3,50000,24995,0.4999,0.1666333333,heterogeneous-defect
0.006,0.0483293023857175,0.05,"(3, 3)",center data,5,3,50000,24762,0.49524,0.16508,heterogeneous-defect
0.006,0.0483293023857175,0.25,"(3, 3)",center data,5,3,50000,25020,0.5004,0.1668,heterogeneous-defect
0.006,0.0483293023857175,0.5,"(3, 3)",center data,5,3,50000,24938,0.49876,0.1662533333,heterogeneous-defect
0.006,0.0483293023857175,0.75,"(3, 3)",center data,5,3,50000,24941,0.49882,0.1662733333,heterogeneous-defect
0.006,0.0615848211066026,0.0,"(3, 3)",center data,5,3,50000,24730,0.4946,0.1648666667,heterogeneous-defect
0.006,0.0615848211066026,0.05,"(3, 3)",center data,5,3,50000,24941,0.49882,0.1662733333,heterogeneous-defect
0.006,0.0615848211066026,0.25,"(3, 3)",center data,5,3,50000,25149,0.50298,0.16766,heterogeneous-defect
0.006,0.0615848211066026,0.5,"(3, 3)",center data,5,3,50000,24847,0.49694,0.1656466667,heterogeneous-defect
0.006,0.0615848211066026,0.75,"(3, 3)",center data,5,3,50000,24978,0.49956,0.16652,heterogeneous-defect
0.006,0.0784759970351461,0.0,"(3, 3)",center data,5,3,50000,24963,0.49926,0.16642,heterogeneous-defect
0.006,0.0784759970351461,0.05,"(3, 3)",center data,5,3,50000,24925,0.4985,0.1661666667,heterogeneous-defect
0.006,0.0784759970351461,0.25,"(3, 3)",center data,5,3,50000,25314,0.50628,0.16876,heterogeneous-defect
0.006,0.0784759970351461,0.5,"(3, 3)",center data,5,3,50000,24854,0.49708,0.1656933333,heterogeneous-defect
0.006,0.0784759970351461,0.75,"(3, 3)",center data,5,3,50000,24847,0.49694,0.1656466667,heterogeneous-defect
0.006,0.1,0.0,"(3, 3)",center data,5,3,50000,24875,0.4975,0.1658333333,heterogeneous-defect
0.006,0.1,0.05,"(3, 3)",center data,5,3,50000,24844,0.49688,0.1656266667,heterogeneous-defect
0.006,0.1,0.25,"(3, 3)",center data,5,3,50000,24936,0.49872,0.16624,heterogeneous-defect
0.006,0.1,0.5,"(3, 3)",center data,5,3,50000,24935,0.4987,0.1662333333,heterogeneous-defect
0.006,0.1,0.75,"(3, 3)",center data,5,3,50000,25244,0.50488,0.1682933333,heterogeneous-defect
0.006,0.00162377673918872,0.05,"(4, 4)",center data,7,3,50000,1447,0.02894,0.009646666667,heterogeneous-defect
0.006,0.00127427498570313,0.5,"(4, 4)",center data,7,3,50000,2398,0.04796,0.01598666667,heterogeneous-defect
0.006,0.001,0.0,"(4, 4)",center data,7,3,50000,1353,0.02706,0.00902,heterogeneous-defect
0.006,0.00162377673918872,0.0,"(4, 4)",center data,7,3,50000,1517,0.03034,0.01011333333,heterogeneous-defect
0.006,0.00127427498570313,0.25,"(4, 4)",center data,7,3,50000,3165,0.0633,0.0211,heterogeneous-defect
0.006,0.00127427498570313,0.05,"(4, 4)",center data,7,3,50000,2414,0.04828,0.01609333333,heterogeneous-defect
0.006,0.001,0.05,"(4, 4)",center data,7,3,50000,1311,0.02622,0.00874,heterogeneous-defect
0.006,0.001,0.5,"(4, 4)",center data,7,3,50000,3148,0.06296,0.02098666667,heterogeneous-defect
0.006,0.001,0.75,"(4, 4)",center data,7,3,50000,1743,0.03486,0.01162,heterogeneous-defect
0.006,0.001,0.25,"(4, 4)",center data,7,3,50000,2094,0.04188,0.01396,heterogeneous-defect
0.006,0.00127427498570313,0.0,"(4, 4)",center data,7,3,50000,1023,0.02046,0.00682,heterogeneous-defect
0.006,0.00127427498570313,0.75,"(4, 4)",center data,7,3,50000,3161,0.06322,0.02107333333,heterogeneous-defect
0.006,0.00162377673918872,0.25,"(4, 4)",center data,7,3,50000,2771,0.05542,0.01847333333,heterogeneous-defect
0.006,0.00162377673918872,0.5,"(4, 4)",center data,7,3,50000,2573,0.05146,0.01715333333,heterogeneous-defect
0.006,0.00162377673918872,0.75,"(4, 4)",center data,7,3,50000,2727,0.05454,0.01818,heterogeneous-defect
0.006,0.00206913808111479,0.0,"(4, 4)",center data,7,3,50000,1826,0.03652,0.01217333333,heterogeneous-defect
0.006,0.00206913808111479,0.05,"(4, 4)",center data,7,3,50000,2059,0.04118,0.01372666667,heterogeneous-defect
0.006,0.00206913808111479,0.5,"(4, 4)",center data,7,3,50000,3197,0.06394,0.02131333333,heterogeneous-defect
0.006,0.00206913808111479,0.25,"(4, 4)",center data,7,3,50000,3114,0.06228,0.02076,heterogeneous-defect
0.006,0.00206913808111479,0.75,"(4, 4)",center data,7,3,50000,2916,0.05832,0.01944,heterogeneous-defect
0.006,0.00263665089873036,0.0,"(4, 4)",center data,7,3,50000,1787,0.03574,0.01191333333,heterogeneous-defect
0.006,0.00263665089873036,0.05,"(4, 4)",center data,7,3,50000,2671,0.05342,0.01780666667,heterogeneous-defect
0.006,0.00263665089873036,0.25,"(4, 4)",center data,7,3,50000,2745,0.0549,0.0183,heterogeneous-defect
0.006,0.00263665089873036,0.5,"(4, 4)",center data,7,3,50000,3842,0.07684,0.02561333333,heterogeneous-defect
0.006,0.00263665089873036,0.75,"(4, 4)",center data,7,3,50000,2711,0.05422,0.01807333333,heterogeneous-defect
0.006,0.00335981828628378,0.0,"(4, 4)",center data,7,3,50000,1624,0.03248,0.01082666667,heterogeneous-defect
0.006,0.00335981828628378,0.05,"(4, 4)",center data,7,3,50000,2414,0.04828,0.01609333333,heterogeneous-defect
0.006,0.00335981828628378,0.25,"(4, 4)",center data,7,3,50000,3361,0.06722,0.02240666667,heterogeneous-defect
0.006,0.00335981828628378,0.5,"(4, 4)",center data,7,3,50000,5184,0.10368,0.03456,heterogeneous-defect
0.006,0.00335981828628378,0.75,"(4, 4)",center data,7,3,50000,4233,0.08466,0.02822,heterogeneous-defect
0.006,0.0042813323987194,0.0,"(4, 4)",center data,7,3,50000,2443,0.04886,0.01628666667,heterogeneous-defect
0.006,0.0042813323987194,0.05,"(4, 4)",center data,7,3,50000,2547,0.05094,0.01698,heterogeneous-defect
0.006,0.0042813323987194,0.25,"(4, 4)",center data,7,3,50000,4209,0.08418,0.02806,heterogeneous-defect
0.006,0.0042813323987194,0.5,"(4, 4)",center data,7,3,50000,4787,0.09574,0.03191333333,heterogeneous-defect
0.006,0.0042813323987194,0.75,"(4, 4)",center data,7,3,50000,3527,0.07054,0.02351333333,heterogeneous-defect
0.006,0.00545559478116852,0.0,"(4, 4)",center data,7,3,50000,3407,0.06814,0.02271333333,heterogeneous-defect
0.006,0.00545559478116852,0.05,"(4, 4)",center data,7,3,50000,3926,0.07852,0.02617333333,heterogeneous-defect
0.006,0.00545559478116852,0.25,"(4, 4)",center data,7,3,50000,7153,0.14306,0.04768666667,heterogeneous-defect
0.006,0.00545559478116852,0.5,"(4, 4)",center data,7,3,50000,5245,0.1049,0.03496666667,heterogeneous-defect
0.006,0.0069519279617756,0.0,"(4, 4)",center data,7,3,50000,4994,0.09988,0.03329333333,heterogeneous-defect
0.006,0.00545559478116852,0.75,"(4, 4)",center data,7,3,50000,6423,0.12846,0.04282,heterogeneous-defect
0.006,0.0069519279617756,0.05,"(4, 4)",center data,7,3,50000,5996,0.11992,0.03997333333,heterogeneous-defect
0.006,0.0069519279617756,0.25,"(4, 4)",center data,7,3,50000,6588,0.13176,0.04392,heterogeneous-defect
0.006,0.0069519279617756,0.5,"(4, 4)",center data,7,3,50000,7452,0.14904,0.04968,heterogeneous-defect
0.006,0.0069519279617756,0.75,"(4, 4)",center data,7,3,50000,7241,0.14482,0.04827333333,heterogeneous-defect
0.006,0.00885866790410082,0.0,"(4, 4)",center data,7,3,50000,8294,0.16588,0.05529333333,heterogeneous-defect
0.006,0.00885866790410082,0.05,"(4, 4)",center data,7,3,50000,8880,0.1776,0.0592,heterogeneous-defect
0.006,0.00885866790410082,0.25,"(4, 4)",center data,7,3,50000,8636,0.17272,0.05757333333,heterogeneous-defect
0.006,0.00885866790410082,0.5,"(4, 4)",center data,7,3,50000,11098,0.22196,0.07398666667,heterogeneous-defect
0.006,0.00885866790410082,0.75,"(4, 4)",center data,7,3,50000,9342,0.18684,0.06228,heterogeneous-defect
0.006,0.0112883789168469,0.0,"(4, 4)",center data,7,3,50000,11997,0.23994,0.07998,heterogeneous-defect
0.006,0.0112883789168469,0.05,"(4, 4)",center data,7,3,50000,13274,0.26548,0.08849333333,heterogeneous-defect
0.006,0.0112883789168469,0.25,"(4, 4)",center data,7,3,50000,9645,0.1929,0.0643,heterogeneous-defect
0.006,0.0112883789168469,0.5,"(4, 4)",center data,7,3,50000,11621,0.23242,0.07747333333,heterogeneous-defect
0.006,0.0112883789168469,0.75,"(4, 4)",center data,7,3,50000,14204,0.28408,0.09469333333,heterogeneous-defect
0.006,0.0143844988828766,0.0,"(4, 4)",center data,7,3,50000,15601,0.31202,0.1040066667,heterogeneous-defect
0.006,0.0143844988828766,0.05,"(4, 4)",center data,7,3,50000,15556,0.31112,0.1037066667,heterogeneous-defect
0.006,0.0143844988828766,0.25,"(4, 4)",center data,7,3,50000,17521,0.35042,0.1168066667,heterogeneous-defect
0.006,0.0143844988828766,0.5,"(4, 4)",center data,7,3,50000,16213,0.32426,0.1080866667,heterogeneous-defect
0.006,0.0143844988828766,0.75,"(4, 4)",center data,7,3,50000,18025,0.3605,0.1201666667,heterogeneous-defect
0.006,0.0183298071083244,0.0,"(4, 4)",center data,7,3,50000,21777,0.43554,0.14518,heterogeneous-defect
0.006,0.0183298071083244,0.05,"(4, 4)",center data,7,3,50000,21022,0.42044,0.1401466667,heterogeneous-defect
0.006,0.0183298071083244,0.25,"(4, 4)",center data,7,3,50000,21206,0.42412,0.1413733333,heterogeneous-defect
0.006,0.0183298071083244,0.5,"(4, 4)",center data,7,3,50000,21370,0.4274,0.1424666667,heterogeneous-defect
0.006,0.0183298071083244,0.75,"(4, 4)",center data,7,3,50000,21765,0.4353,0.1451,heterogeneous-defect
0.006,0.0233572146909012,0.0,"(4, 4)",center data,7,3,50000,22987,0.45974,0.1532466667,heterogeneous-defect
0.006,0.0233572146909012,0.05,"(4, 4)",center data,7,3,50000,24123,0.48246,0.16082,heterogeneous-defect
0.006,0.0233572146909012,0.25,"(4, 4)",center data,7,3,50000,24157,0.48314,0.1610466667,heterogeneous-defect
0.006,0.0233572146909012,0.5,"(4, 4)",center data,7,3,50000,24343,0.48686,0.1622866667,heterogeneous-defect
0.006,0.0233572146909012,0.75,"(4, 4)",center data,7,3,50000,24229,0.48458,0.1615266667,heterogeneous-defect
0.006,0.0297635144163132,0.0,"(4, 4)",center data,7,3,50000,24626,0.49252,0.1641733333,heterogeneous-defect
0.006,0.0297635144163132,0.05,"(4, 4)",center data,7,3,50000,24730,0.4946,0.1648666667,heterogeneous-defect
0.006,0.0297635144163132,0.25,"(4, 4)",center data,7,3,50000,24728,0.49456,0.1648533333,heterogeneous-defect
0.006,0.0297635144163132,0.5,"(4, 4)",center data,7,3,50000,24795,0.4959,0.1653,heterogeneous-defect
0.006,0.0297635144163132,0.75,"(4, 4)",center data,7,3,50000,24805,0.4961,0.1653666667,heterogeneous-defect
0.006,0.0379269019073225,0.0,"(4, 4)",center data,7,3,50000,24940,0.4988,0.1662666667,heterogeneous-defect
0.006,0.0379269019073225,0.05,"(4, 4)",center data,7,3,50000,24967,0.49934,0.1664466667,heterogeneous-defect
0.006,0.0379269019073225,0.25,"(4, 4)",center data,7,3,50000,24976,0.49952,0.1665066667,heterogeneous-defect
0.006,0.0379269019073225,0.5,"(4, 4)",center data,7,3,50000,24979,0.49958,0.1665266667,heterogeneous-defect
0.006,0.0379269019073225,0.75,"(4, 4)",center data,7,3,50000,24974,0.49948,0.1664933333,heterogeneous-defect
0.006,0.0483293023857175,0.0,"(4, 4)",center data,7,3,50000,25002,0.50004,0.16668,heterogeneous-defect
0.006,0.0483293023857175,0.05,"(4, 4)",center data,7,3,50000,24937,0.49874,0.1662466667,heterogeneous-defect
0.006,0.0483293023857175,0.25,"(4, 4)",center data,7,3,50000,24803,0.49606,0.1653533333,heterogeneous-defect
0.006,0.0483293023857175,0.5,"(4, 4)",center data,7,3,50000,25104,0.50208,0.16736,heterogeneous-defect
0.006,0.0483293023857175,0.75,"(4, 4)",center data,7,3,50000,24777,0.49554,0.16518,heterogeneous-defect
0.006,0.0615848211066026,0.0,"(4, 4)",center data,7,3,50000,24923,0.49846,0.1661533333,heterogeneous-defect
0.006,0.0615848211066026,0.05,"(4, 4)",center data,7,3,50000,24886,0.49772,0.1659066667,heterogeneous-defect
0.006,0.0615848211066026,0.25,"(4, 4)",center data,7,3,50000,25044,0.50088,0.16696,heterogeneous-defect
0.006,0.0615848211066026,0.5,"(4, 4)",center data,7,3,50000,24975,0.4995,0.1665,heterogeneous-defect
0.006,0.0615848211066026,0.75,"(4, 4)",center data,7,3,50000,24983,0.49966,0.1665533333,heterogeneous-defect
0.006,0.0784759970351461,0.0,"(4, 4)",center data,7,3,50000,24813,0.49626,0.16542,heterogeneous-defect
0.006,0.0784759970351461,0.05,"(4, 4)",center data,7,3,50000,25185,0.5037,0.1679,heterogeneous-defect
0.006,0.0784759970351461,0.25,"(4, 4)",center data,7,3,50000,25014,0.50028,0.16676,heterogeneous-defect
0.006,0.0784759970351461,0.5,"(4, 4)",center data,7,3,50000,24981,0.49962,0.16654,heterogeneous-defect
0.006,0.0784759970351461,0.75,"(4, 4)",center data,7,3,50000,25040,0.5008,0.1669333333,heterogeneous-defect
0.006,0.1,0.0,"(4, 4)",center data,7,3,50000,24829,0.49658,0.1655266667,heterogeneous-defect
0.006,0.1,0.05,"(4, 4)",center data,7,3,50000,24999,0.49998,0.16666,heterogeneous-defect
0.006,0.1,0.25,"(4, 4)",center data,7,3,50000,24890,0.4978,0.1659333333,heterogeneous-defect
0.006,0.1,0.5,"(4, 4)",center data,7,3,50000,24906,0.49812,0.16604,heterogeneous-defect
0.006,0.1,0.75,"(4, 4)",center data,7,3,50000,24903,0.49806,0.16602,heterogeneous-defect
0.006,0.00127427498570313,0.75,"(5, 5)",center data,9,3,50000,1526,0.03052,0.01017333333,heterogeneous-defect
0.006,0.00127427498570313,0.5,"(5, 5)",center data,9,3,50000,1731,0.03462,0.01154,heterogeneous-defect
0.006,0.001,0.0,"(5, 5)",center data,9,3,50000,896,0.01792,0.005973333333,heterogeneous-defect
0.006,0.001,0.05,"(5, 5)",center data,9,3,50000,742,0.01484,0.004946666667,heterogeneous-defect
0.006,0.001,0.25,"(5, 5)",center data,9,3,50000,1071,0.02142,0.00714,heterogeneous-defect
0.006,0.00127427498570313,0.05,"(5, 5)",center data,9,3,50000,989,0.01978,0.006593333333,heterogeneous-defect
0.006,0.00127427498570313,0.0,"(5, 5)",center data,9,3,50000,1247,0.02494,0.008313333333,heterogeneous-defect
0.006,0.00162377673918872,0.0,"(5, 5)",center data,9,3,50000,675,0.0135,0.0045,heterogeneous-defect
0.006,0.00162377673918872,0.05,"(5, 5)",center data,9,3,50000,1177,0.02354,0.007846666667,heterogeneous-defect
0.006,0.001,0.75,"(5, 5)",center data,9,3,50000,748,0.01496,0.004986666667,heterogeneous-defect
0.006,0.001,0.5,"(5, 5)",center data,9,3,50000,984,0.01968,0.00656,heterogeneous-defect
0.006,0.00127427498570313,0.25,"(5, 5)",center data,9,3,50000,1465,0.0293,0.009766666667,heterogeneous-defect
0.006,0.00162377673918872,0.5,"(5, 5)",center data,9,3,50000,1694,0.03388,0.01129333333,heterogeneous-defect
0.006,0.00162377673918872,0.25,"(5, 5)",center data,9,3,50000,1231,0.02462,0.008206666667,heterogeneous-defect
0.006,0.00162377673918872,0.75,"(5, 5)",center data,9,3,50000,1569,0.03138,0.01046,heterogeneous-defect
0.006,0.00206913808111479,0.0,"(5, 5)",center data,9,3,50000,709,0.01418,0.004726666667,heterogeneous-defect
0.006,0.00206913808111479,0.05,"(5, 5)",center data,9,3,50000,1416,0.02832,0.00944,heterogeneous-defect
0.006,0.00206913808111479,0.25,"(5, 5)",center data,9,3,50000,2529,0.05058,0.01686,heterogeneous-defect
0.006,0.00206913808111479,0.5,"(5, 5)",center data,9,3,50000,1995,0.0399,0.0133,heterogeneous-defect
0.006,0.00206913808111479,0.75,"(5, 5)",center data,9,3,50000,2835,0.0567,0.0189,heterogeneous-defect
0.006,0.00263665089873036,0.0,"(5, 5)",center data,9,3,50000,1329,0.02658,0.00886,heterogeneous-defect
0.006,0.00263665089873036,0.05,"(5, 5)",center data,9,3,50000,1963,0.03926,0.01308666667,heterogeneous-defect
0.006,0.00263665089873036,0.25,"(5, 5)",center data,9,3,50000,1721,0.03442,0.01147333333,heterogeneous-defect
0.006,0.00263665089873036,0.5,"(5, 5)",center data,9,3,50000,3085,0.0617,0.02056666667,heterogeneous-defect
0.006,0.00263665089873036,0.75,"(5, 5)",center data,9,3,50000,2151,0.04302,0.01434,heterogeneous-defect
0.006,0.00335981828628378,0.0,"(5, 5)",center data,9,3,50000,1605,0.0321,0.0107,heterogeneous-defect
0.006,0.00335981828628378,0.05,"(5, 5)",center data,9,3,50000,1668,0.03336,0.01112,heterogeneous-defect
0.006,0.00335981828628378,0.25,"(5, 5)",center data,9,3,50000,2410,0.0482,0.01606666667,heterogeneous-defect
0.006,0.00335981828628378,0.5,"(5, 5)",center data,9,3,50000,1716,0.03432,0.01144,heterogeneous-defect
0.006,0.00335981828628378,0.75,"(5, 5)",center data,9,3,50000,2423,0.04846,0.01615333333,heterogeneous-defect
0.006,0.0042813323987194,0.0,"(5, 5)",center data,9,3,50000,2452,0.04904,0.01634666667,heterogeneous-defect
0.006,0.0042813323987194,0.05,"(5, 5)",center data,9,3,50000,2766,0.05532,0.01844,heterogeneous-defect
0.006,0.0042813323987194,0.25,"(5, 5)",center data,9,3,50000,2272,0.04544,0.01514666667,heterogeneous-defect
0.006,0.0042813323987194,0.5,"(5, 5)",center data,9,3,50000,2701,0.05402,0.01800666667,heterogeneous-defect
0.006,0.0042813323987194,0.75,"(5, 5)",center data,9,3,50000,2426,0.04852,0.01617333333,heterogeneous-defect
0.006,0.00545559478116852,0.0,"(5, 5)",center data,9,3,50000,3377,0.06754,0.02251333333,heterogeneous-defect
0.006,0.00545559478116852,0.05,"(5, 5)",center data,9,3,50000,3190,0.0638,0.02126666667,heterogeneous-defect
0.006,0.00545559478116852,0.25,"(5, 5)",center data,9,3,50000,5107,0.10214,0.03404666667,heterogeneous-defect
0.006,0.00545559478116852,0.5,"(5, 5)",center data,9,3,50000,4669,0.09338,0.03112666667,heterogeneous-defect
0.006,0.00545559478116852,0.75,"(5, 5)",center data,9,3,50000,3853,0.07706,0.02568666667,heterogeneous-defect
0.006,0.0069519279617756,0.0,"(5, 5)",center data,9,3,50000,3546,0.07092,0.02364,heterogeneous-defect
0.006,0.0069519279617756,0.05,"(5, 5)",center data,9,3,50000,5205,0.1041,0.0347,heterogeneous-defect
0.006,0.0069519279617756,0.25,"(5, 5)",center data,9,3,50000,4961,0.09922,0.03307333333,heterogeneous-defect
0.006,0.0069519279617756,0.5,"(5, 5)",center data,9,3,50000,4956,0.09912,0.03304,heterogeneous-defect
0.006,0.0069519279617756,0.75,"(5, 5)",center data,9,3,50000,4788,0.09576,0.03192,heterogeneous-defect
0.006,0.00885866790410082,0.0,"(5, 5)",center data,9,3,50000,5442,0.10884,0.03628,heterogeneous-defect
0.006,0.00885866790410082,0.05,"(5, 5)",center data,9,3,50000,8197,0.16394,0.05464666667,heterogeneous-defect
0.006,0.00885866790410082,0.25,"(5, 5)",center data,9,3,50000,8832,0.17664,0.05888,heterogeneous-defect
0.006,0.00885866790410082,0.5,"(5, 5)",center data,9,3,50000,9403,0.18806,0.06268666667,heterogeneous-defect
0.006,0.00885866790410082,0.75,"(5, 5)",center data,9,3,50000,9864,0.19728,0.06576,heterogeneous-defect
0.006,0.0112883789168469,0.0,"(5, 5)",center data,9,3,50000,10419,0.20838,0.06946,heterogeneous-defect
0.006,0.0112883789168469,0.05,"(5, 5)",center data,9,3,50000,12545,0.2509,0.08363333333,heterogeneous-defect
0.006,0.0112883789168469,0.25,"(5, 5)",center data,9,3,50000,15591,0.31182,0.10394,heterogeneous-defect
0.006,0.0112883789168469,0.5,"(5, 5)",center data,9,3,50000,14100,0.282,0.094,heterogeneous-defect
0.006,0.0112883789168469,0.75,"(5, 5)",center data,9,3,50000,11975,0.2395,0.07983333333,heterogeneous-defect
0.006,0.0143844988828766,0.0,"(5, 5)",center data,9,3,50000,15799,0.31598,0.1053266667,heterogeneous-defect
0.006,0.0143844988828766,0.05,"(5, 5)",center data,9,3,50000,17499,0.34998,0.11666,heterogeneous-defect
0.006,0.0143844988828766,0.25,"(5, 5)",center data,9,3,50000,19064,0.38128,0.1270933333,heterogeneous-defect
0.006,0.0143844988828766,0.5,"(5, 5)",center data,9,3,50000,20212,0.40424,0.1347466667,heterogeneous-defect
0.006,0.0143844988828766,0.75,"(5, 5)",center data,9,3,50000,18523,0.37046,0.1234866667,heterogeneous-defect
0.006,0.0183298071083244,0.0,"(5, 5)",center data,9,3,50000,22014,0.44028,0.14676,heterogeneous-defect
0.006,0.0183298071083244,0.05,"(5, 5)",center data,9,3,50000,21754,0.43508,0.1450266667,heterogeneous-defect
0.006,0.0183298071083244,0.25,"(5, 5)",center data,9,3,50000,22725,0.4545,0.1515,heterogeneous-defect
0.006,0.0183298071083244,0.5,"(5, 5)",center data,9,3,50000,22876,0.45752,0.1525066667,heterogeneous-defect
0.006,0.0183298071083244,0.75,"(5, 5)",center data,9,3,50000,22213,0.44426,0.1480866667,heterogeneous-defect
0.006,0.0233572146909012,0.0,"(5, 5)",center data,9,3,50000,24123,0.48246,0.16082,heterogeneous-defect
0.006,0.0233572146909012,0.05,"(5, 5)",center data,9,3,50000,24382,0.48764,0.1625466667,heterogeneous-defect
0.006,0.0233572146909012,0.25,"(5, 5)",center data,9,3,50000,24543,0.49086,0.16362,heterogeneous-defect
0.006,0.0233572146909012,0.5,"(5, 5)",center data,9,3,50000,24693,0.49386,0.16462,heterogeneous-defect
0.006,0.0233572146909012,0.75,"(5, 5)",center data,9,3,50000,24570,0.4914,0.1638,heterogeneous-defect
0.006,0.0297635144163132,0.0,"(5, 5)",center data,9,3,50000,24831,0.49662,0.16554,heterogeneous-defect
0.006,0.0297635144163132,0.05,"(5, 5)",center data,9,3,50000,24833,0.49666,0.1655533333,heterogeneous-defect
0.006,0.0297635144163132,0.25,"(5, 5)",center data,9,3,50000,24903,0.49806,0.16602,heterogeneous-defect
0.006,0.0297635144163132,0.5,"(5, 5)",center data,9,3,50000,24870,0.4974,0.1658,heterogeneous-defect
0.006,0.0297635144163132,0.75,"(5, 5)",center data,9,3,50000,24785,0.4957,0.1652333333,heterogeneous-defect
0.006,0.0379269019073225,0.0,"(5, 5)",center data,9,3,50000,25115,0.5023,0.1674333333,heterogeneous-defect
0.006,0.0379269019073225,0.05,"(5, 5)",center data,9,3,50000,24958,0.49916,0.1663866667,heterogeneous-defect
0.006,0.0379269019073225,0.25,"(5, 5)",center data,9,3,50000,24746,0.49492,0.1649733333,heterogeneous-defect
0.006,0.0379269019073225,0.5,"(5, 5)",center data,9,3,50000,24873,0.49746,0.16582,heterogeneous-defect
0.006,0.0379269019073225,0.75,"(5, 5)",center data,9,3,50000,24934,0.49868,0.1662266667,heterogeneous-defect
0.006,0.0483293023857175,0.0,"(5, 5)",center data,9,3,50000,25095,0.5019,0.1673,heterogeneous-defect
0.006,0.0483293023857175,0.05,"(5, 5)",center data,9,3,50000,25022,0.50044,0.1668133333,heterogeneous-defect
0.006,0.0483293023857175,0.25,"(5, 5)",center data,9,3,50000,25062,0.50124,0.16708,heterogeneous-defect
0.006,0.0483293023857175,0.5,"(5, 5)",center data,9,3,50000,24951,0.49902,0.16634,heterogeneous-defect
0.006,0.0483293023857175,0.75,"(5, 5)",center data,9,3,50000,25232,0.50464,0.1682133333,heterogeneous-defect
0.006,0.0615848211066026,0.0,"(5, 5)",center data,9,3,50000,25070,0.5014,0.1671333333,heterogeneous-defect
0.006,0.0615848211066026,0.05,"(5, 5)",center data,9,3,50000,24783,0.49566,0.16522,heterogeneous-defect
0.006,0.0615848211066026,0.25,"(5, 5)",center data,9,3,50000,25216,0.50432,0.1681066667,heterogeneous-defect
0.006,0.0615848211066026,0.5,"(5, 5)",center data,9,3,50000,24827,0.49654,0.1655133333,heterogeneous-defect
0.006,0.0615848211066026,0.75,"(5, 5)",center data,9,3,50000,24988,0.49976,0.1665866667,heterogeneous-defect
0.006,0.0784759970351461,0.0,"(5, 5)",center data,9,3,50000,25009,0.50018,0.1667266667,heterogeneous-defect
0.006,0.0784759970351461,0.05,"(5, 5)",center data,9,3,50000,24972,0.49944,0.16648,heterogeneous-defect
0.006,0.0784759970351461,0.25,"(5, 5)",center data,9,3,50000,24924,0.49848,0.16616,heterogeneous-defect
0.006,0.0784759970351461,0.5,"(5, 5)",center data,9,3,50000,25007,0.50014,0.1667133333,heterogeneous-defect
0.006,0.0784759970351461,0.75,"(5, 5)",center data,9,3,50000,25096,0.50192,0.1673066667,heterogeneous-defect
0.006,0.1,0.0,"(5, 5)",center data,9,3,50000,24972,0.49944,0.16648,heterogeneous-defect
0.006,0.1,0.05,"(5, 5)",center data,9,3,50000,24909,0.49818,0.16606,heterogeneous-defect
0.006,0.1,0.25,"(5, 5)",center data,9,3,50000,25102,0.50204,0.1673466667,heterogeneous-defect
0.006,0.1,0.5,"(5, 5)",center data,9,3,50000,24988,0.49976,0.1665866667,heterogeneous-defect
0.006,0.1,0.75,"(5, 5)",center data,9,3,50000,24839,0.49678,0.1655933333,heterogeneous-defect
