p_sigma,p_mu,distance,rounds,shots,errors,ler_shot,ler_round,noise_model
0.0,0.00162377673918872,11,3,50000,2,4e-05,1.333333333e-05,heterogeneous
0.0,0.001,11,3,50000,0,0.0,0.0,heterogeneous
0.011,0.001,11,3,50000,5755,0.1151,0.03836666667,heterogeneous
0.006,0.001,11,3,50000,753,0.01506,0.00502,heterogeneous
0.006,0.00127427498570313,11,3,50000,717,0.01434,0.00478,heterogeneous
0.0,0.00127427498570313,11,3,50000,0,0.0,0.0,heterogeneous
0.015,0.001,11,3,50000,12744,0.25488,0.08496,heterogeneous
0.011,0.00127427498570313,11,3,50000,6230,0.1246,0.04153333333,heterogeneous
0.006,0.00162377673918872,11,3,50000,446,0.00892,0.002973333333,heterogeneous
0.009,0.00127427498570313,11,3,50000,2898,0.05796,0.01932,heterogeneous
0.009,0.001,11,3,50000,3163,0.06326,0.02108666667,heterogeneous
0.015,0.00127427498570313,11,3,50000,10246,0.20492,0.06830666667,heterogeneous
0.009,0.00162377673918872,11,3,50000,2495,0.0499,0.01663333333,heterogeneous
0.011,0.00162377673918872,11,3,50000,4138,0.08276,0.02758666667,heterogeneous
0.015,0.00162377673918872,11,3,50000,11279,0.22558,0.07519333333,heterogeneous
0.0,0.00206913808111479,11,3,50000,2,4e-05,1.333333333e-05,heterogeneous
0.006,0.00206913808111479,11,3,50000,668,0.01336,0.004453333333,heterogeneous
0.009,0.00206913808111479,11,3,50000,3180,0.0636,0.0212,heterogeneous
0.011,0.00206913808111479,11,3,50000,4627,0.09254,0.03084666667,heterogeneous
0.015,0.00206913808111479,11,3,50000,12922,0.25844,0.08614666667,heterogeneous
0.0,0.00263665089873036,11,3,50000,30,0.0006,0.0002,heterogeneous
0.006,0.00263665089873036,11,3,50000,830,0.0166,0.005533333333,heterogeneous
0.009,0.00263665089873036,11,3,50000,3147,0.06294,0.02098,heterogeneous
0.011,0.00263665089873036,11,3,50000,7545,0.1509,0.0503,heterogeneous
0.015,0.00263665089873036,11,3,50000,11618,0.23236,0.07745333333,heterogeneous
0.0,0.00335981828628378,11,3,50000,93,0.00186,0.00062,heterogeneous
0.006,0.00335981828628378,11,3,50000,1150,0.023,0.007666666667,heterogeneous
0.009,0.00335981828628378,11,3,50000,4388,0.08776,0.02925333333,heterogeneous
0.011,0.00335981828628378,11,3,50000,8174,0.16348,0.05449333333,heterogeneous
0.015,0.00335981828628378,11,3,50000,13143,0.26286,0.08762,heterogeneous
0.0,0.0042813323987194,11,3,50000,311,0.00622,0.002073333333,heterogeneous
0.006,0.0042813323987194,11,3,50000,1507,0.03014,0.01004666667,heterogeneous
0.009,0.0042813323987194,11,3,50000,3470,0.0694,0.02313333333,heterogeneous
0.011,0.0042813323987194,11,3,50000,7995,0.1599,0.0533,heterogeneous
0.015,0.0042813323987194,11,3,50000,13785,0.2757,0.0919,heterogeneous
0.0,0.00545559478116852,11,3,50000,1044,0.02088,0.00696,heterogeneous
0.006,0.00545559478116852,11,3,50000,2024,0.04048,0.01349333333,heterogeneous
0.009,0.00545559478116852,11,3,50000,6635,0.1327,0.04423333333,heterogeneous
0.011,0.00545559478116852,11,3,50000,10911,0.21822,0.07274,heterogeneous
0.015,0.00545559478116852,11,3,50000,16347,0.32694,0.10898,heterogeneous
0.0,0.0069519279617756,11,3,50000,2590,0.0518,0.01726666667,heterogeneous
0.006,0.0069519279617756,11,3,50000,4921,0.09842,0.03280666667,heterogeneous
0.009,0.0069519279617756,11,3,50000,7660,0.1532,0.05106666667,heterogeneous
0.011,0.0069519279617756,11,3,50000,9758,0.19516,0.06505333333,heterogeneous
0.015,0.0069519279617756,11,3,50000,15531,0.31062,0.10354,heterogeneous
0.0,0.00885866790410082,11,3,50000,6174,0.12348,0.04116,heterogeneous
0.006,0.00885866790410082,11,3,50000,7023,0.14046,0.04682,heterogeneous
0.009,0.00885866790410082,11,3,50000,11004,0.22008,0.07336,heterogeneous
0.011,0.00885866790410082,11,3,50000,14599,0.29198,0.09732666667,heterogeneous
0.015,0.00885866790410082,11,3,50000,19980,0.3996,0.1332,heterogeneous
0.0,0.0112883789168469,11,3,50000,12046,0.24092,0.08030666667,heterogeneous
0.006,0.0112883789168469,11,3,50000,12470,0.2494,0.08313333333,heterogeneous
0.009,0.0112883789168469,11,3,50000,14158,0.28316,0.09438666667,heterogeneous
0.011,0.0112883789168469,11,3,50000,15488,0.30976,0.1032533333,heterogeneous
0.015,0.0112883789168469,11,3,50000,21327,0.42654,0.14218,heterogeneous
0.0,0.0143844988828766,11,3,50000,18515,0.3703,0.1234333333,heterogeneous
0.006,0.0143844988828766,11,3,50000,18659,0.37318,0.1243933333,heterogeneous
0.009,0.0143844988828766,11,3,50000,19158,0.38316,0.12772,heterogeneous
0.011,0.0143844988828766,11,3,50000,20954,0.41908,0.1396933333,heterogeneous
0.015,0.0143844988828766,11,3,50000,22801,0.45602,0.1520066667,heterogeneous
0.0,0.0183298071083244,11,3,50000,23201,0.46402,0.1546733333,heterogeneous
0.006,0.0183298071083244,11,3,50000,22755,0.4551,0.1517,heterogeneous
0.009,0.0183298071083244,11,3,50000,23002,0.46004,0.1533466667,heterogeneous
0.011,0.0183298071083244,11,3,50000,22026,0.44052,0.14684,heterogeneous
0.015,0.0183298071083244,11,3,50000,23570,0.4714,0.1571333333,heterogeneous
0.0,0.0233572146909012,11,3,50000,24626,0.49252,0.1641733333,heterogeneous
0.006,0.0233572146909012,11,3,50000,24485,0.4897,0.1632333333,heterogeneous
0.009,0.0233572146909012,11,3,50000,24756,0.49512,0.16504,heterogeneous
0.011,0.0233572146909012,11,3,50000,24638,0.49276,0.1642533333,heterogeneous
0.015,0.0233572146909012,11,3,50000,24823,0.49646,0.1654866667,heterogeneous
0.0,0.0297635144163132,11,3,50000,25155,0.5031,0.1677,heterogeneous
0.006,0.0297635144163132,11,3,50000,24721,0.49442,0.1648066667,heterogeneous
0.009,0.0297635144163132,11,3,50000,24876,0.49752,0.16584,heterogeneous
0.011,0.0297635144163132,11,3,50000,24961,0.49922,0.1664066667,heterogeneous
0.015,0.0297635144163132,11,3,50000,25136,0.50272,0.1675733333,heterogeneous
0.0,0.0379269019073225,11,3,50000,24907,0.49814,0.1660466667,heterogeneous
0.006,0.0379269019073225,11,3,50000,25026,0.50052,0.16684,heterogeneous
0.009,0.0379269019073225,11,3,50000,24874,0.49748,0.1658266667,heterogeneous
0.011,0.0379269019073225,11,3,50000,24997,0.49994,0.1666466667,heterogeneous
0.015,0.0379269019073225,11,3,50000,25029,0.50058,0.16686,heterogeneous
0.0,0.0483293023857175,11,3,50000,25077,0.50154,0.16718,heterogeneous
0.006,0.0483293023857175,11,3,50000,25052,0.50104,0.1670133333,heterogeneous
0.009,0.0483293023857175,11,3,50000,25012,0.50024,0.1667466667,heterogeneous
0.011,0.0483293023857175,11,3,50000,24991,0.49982,0.1666066667,heterogeneous
0.015,0.0483293023857175,11,3,50000,24894,0.49788,0.16596,heterogeneous
0.0,0.0615848211066026,11,3,50000,24947,0.49894,0.1663133333,heterogeneous
0.006,0.0615848211066026,11,3,50000,25005,0.5001,0.1667,heterogeneous
0.009,0.0615848211066026,11,3,50000,25150,0.503,0.1676666667,heterogeneous
0.011,0.0615848211066026,11,3,50000,24882,0.49764,0.16588,heterogeneous
0.015,0.0615848211066026,11,3,50000,24751,0.49502,0.1650066667,heterogeneous
0.0,0.0784759970351461,11,3,50000,25034,0.50068,0.1668933333,heterogeneous
0.006,0.0784759970351461,11,3,50000,25070,0.5014,0.1671333333,heterogeneous
0.011,0.0784759970351461,11,3,50000,24795,0.4959,0.1653,heterogeneous
0.009,0.0784759970351461,11,3,50000,25016,0.50032,0.1667733333,heterogeneous
0.015,0.0784759970351461,11,3,50000,25059,0.50118,0.16706,heterogeneous
0.0,0.1,11,3,50000,25206,0.50412,0.16804,heterogeneous
0.006,0.1,11,3,50000,24853,0.49706,0.1656866667,heterogeneous
0.009,0.1,11,3,50000,24995,0.4999,0.1666333333,heterogeneous
0.011,0.1,11,3,50000,25129,0.50258,0.1675266667,heterogeneous
0.015,0.1,11,3,50000,24968,0.49936,0.1664533333,heterogeneous
0.006,0.001,13,3,50000,326,0.00652,0.002173333333,heterogeneous
0.0,0.00127427498570313,13,3,50000,0,0.0,0.0,heterogeneous
0.0,0.001,13,3,50000,0,0.0,0.0,heterogeneous
0.009,0.001,13,3,50000,2068,0.04136,0.01378666667,heterogeneous
0.0,0.00162377673918872,13,3,50000,0,0.0,0.0,heterogeneous
0.006,0.00127427498570313,13,3,50000,223,0.00446,0.001486666667,heterogeneous
0.006,0.00162377673918872,13,3,50000,654,0.01308,0.00436,heterogeneous
0.011,0.001,13,3,50000,5319,0.10638,0.03546,heterogeneous
0.015,0.00127427498570313,13,3,50000,13231,0.26462,0.08820666667,heterogeneous
0.011,0.00127427498570313,13,3,50000,4171,0.08342,0.02780666667,heterogeneous
0.009,0.00127427498570313,13,3,50000,3293,0.06586,0.02195333333,heterogeneous
0.015,0.001,13,3,50000,12279,0.24558,0.08186,heterogeneous
0.009,0.00162377673918872,13,3,50000,1946,0.03892,0.01297333333,heterogeneous
0.011,0.00162377673918872,13,3,50000,5942,0.11884,0.03961333333,heterogeneous
0.015,0.00162377673918872,13,3,50000,15001,0.30002,0.1000066667,heterogeneous
0.0,0.00206913808111479,13,3,50000,2,4e-05,1.333333333e-05,heterogeneous
0.006,0.00206913808111479,13,3,50000,437,0.00874,0.002913333333,heterogeneous
0.009,0.00206913808111479,13,3,50000,2666,0.05332,0.01777333333,heterogeneous
0.011,0.00206913808111479,13,3,50000,4146,0.08292,0.02764,heterogeneous
0.015,0.00206913808111479,13,3,50000,10628,0.21256,0.07085333333,heterogeneous
0.0,0.00263665089873036,13,3,50000,5,0.0001,3.333333333e-05,heterogeneous
0.006,0.00263665089873036,13,3,50000,722,0.01444,0.004813333333,heterogeneous
0.009,0.00263665089873036,13,3,50000,3179,0.06358,0.02119333333,heterogeneous
0.011,0.00263665089873036,13,3,50000,8220,0.1644,0.0548,heterogeneous
0.015,0.00263665089873036,13,3,50000,14266,0.28532,0.09510666667,heterogeneous
0.0,0.00335981828628378,13,3,50000,47,0.00094,0.0003133333333,heterogeneous
0.006,0.00335981828628378,13,3,50000,949,0.01898,0.006326666667,heterogeneous
0.009,0.00335981828628378,13,3,50000,3817,0.07634,0.02544666667,heterogeneous
0.011,0.00335981828628378,13,3,50000,7991,0.15982,0.05327333333,heterogeneous
0.015,0.00335981828628378,13,3,50000,13716,0.27432,0.09144,heterogeneous
0.0,0.0042813323987194,13,3,50000,178,0.00356,0.001186666667,heterogeneous
0.006,0.0042813323987194,13,3,50000,810,0.0162,0.0054,heterogeneous
0.009,0.0042813323987194,13,3,50000,3654,0.07308,0.02436,heterogeneous
0.011,0.0042813323987194,13,3,50000,9479,0.18958,0.06319333333,heterogeneous
0.015,0.0042813323987194,13,3,50000,13827,0.27654,0.09218,heterogeneous
0.0,0.00545559478116852,13,3,50000,620,0.0124,0.004133333333,heterogeneous
0.006,0.00545559478116852,13,3,50000,2026,0.04052,0.01350666667,heterogeneous
0.009,0.00545559478116852,13,3,50000,4614,0.09228,0.03076,heterogeneous
0.011,0.00545559478116852,13,3,50000,10185,0.2037,0.0679,heterogeneous
0.015,0.00545559478116852,13,3,50000,17157,0.34314,0.11438,heterogeneous
0.0,0.0069519279617756,13,3,50000,2164,0.04328,0.01442666667,heterogeneous
0.006,0.0069519279617756,13,3,50000,3926,0.07852,0.02617333333,heterogeneous
0.009,0.0069519279617756,13,3,50000,8368,0.16736,0.05578666667,heterogeneous
0.011,0.0069519279617756,13,3,50000,10778,0.21556,0.07185333333,heterogeneous
0.0,0.00885866790410082,13,3,50000,5679,0.11358,0.03786,heterogeneous
0.015,0.0069519279617756,13,3,50000,15776,0.31552,0.1051733333,heterogeneous
0.006,0.00885866790410082,13,3,50000,7800,0.156,0.052,heterogeneous
0.009,0.00885866790410082,13,3,50000,10757,0.21514,0.07171333333,heterogeneous
0.011,0.00885866790410082,13,3,50000,11830,0.2366,0.07886666667,heterogeneous
0.015,0.00885866790410082,13,3,50000,16981,0.33962,0.1132066667,heterogeneous
0.0,0.0112883789168469,13,3,50000,12281,0.24562,0.08187333333,heterogeneous
0.006,0.0112883789168469,13,3,50000,12316,0.24632,0.08210666667,heterogeneous
0.009,0.0112883789168469,13,3,50000,15366,0.30732,0.10244,heterogeneous
0.011,0.0112883789168469,13,3,50000,18528,0.37056,0.12352,heterogeneous
0.015,0.0112883789168469,13,3,50000,21490,0.4298,0.1432666667,heterogeneous
0.0,0.0143844988828766,13,3,50000,19460,0.3892,0.1297333333,heterogeneous
0.006,0.0143844988828766,13,3,50000,19522,0.39044,0.1301466667,heterogeneous
0.009,0.0143844988828766,13,3,50000,20257,0.40514,0.1350466667,heterogeneous
0.011,0.0143844988828766,13,3,50000,20774,0.41548,0.1384933333,heterogeneous
0.015,0.0143844988828766,13,3,50000,22331,0.44662,0.1488733333,heterogeneous
0.0,0.0183298071083244,13,3,50000,23640,0.4728,0.1576,heterogeneous
0.006,0.0183298071083244,13,3,50000,23037,0.46074,0.15358,heterogeneous
0.009,0.0183298071083244,13,3,50000,23714,0.47428,0.1580933333,heterogeneous
0.011,0.0183298071083244,13,3,50000,23604,0.47208,0.15736,heterogeneous
0.015,0.0183298071083244,13,3,50000,24304,0.48608,0.1620266667,heterogeneous
0.0,0.0233572146909012,13,3,50000,24715,0.4943,0.1647666667,heterogeneous
0.006,0.0233572146909012,13,3,50000,24889,0.49778,0.1659266667,heterogeneous
0.009,0.0233572146909012,13,3,50000,24834,0.49668,0.16556,heterogeneous
0.011,0.0233572146909012,13,3,50000,24727,0.49454,0.1648466667,heterogeneous
0.015,0.0233572146909012,13,3,50000,25037,0.50074,0.1669133333,heterogeneous
0.0,0.0297635144163132,13,3,50000,24937,0.49874,0.1662466667,heterogeneous
0.006,0.0297635144163132,13,3,50000,25086,0.50172,0.16724,heterogeneous
0.009,0.0297635144163132,13,3,50000,25049,0.50098,0.1669933333,heterogeneous
0.011,0.0297635144163132,13,3,50000,24999,0.49998,0.16666,heterogeneous
0.015,0.0297635144163132,13,3,50000,25024,0.50048,0.1668266667,heterogeneous
0.0,0.0379269019073225,13,3,50000,25024,0.50048,0.1668266667,heterogeneous
0.006,0.0379269019073225,13,3,50000,25182,0.50364,0.16788,heterogeneous
0.009,0.0379269019073225,13,3,50000,24740,0.4948,0.1649333333,heterogeneous
0.011,0.0379269019073225,13,3,50000,25138,0.50276,0.1675866667,heterogeneous
0.015,0.0379269019073225,13,3,50000,25181,0.50362,0.1678733333,heterogeneous
0.0,0.0483293023857175,13,3,50000,25005,0.5001,0.1667,heterogeneous
0.006,0.0483293023857175,13,3,50000,24901,0.49802,0.1660066667,heterogeneous
0.009,0.0483293023857175,13,3,50000,24970,0.4994,0.1664666667,heterogeneous
0.011,0.0483293023857175,13,3,50000,25018,0.50036,0.1667866667,heterogeneous
0.015,0.0483293023857175,13,3,50000,24934,0.49868,0.1662266667,heterogeneous
0.0,0.0615848211066026,13,3,50000,24891,0.49782,0.16594,heterogeneous
0.006,0.0615848211066026,13,3,50000,25001,0.50002,0.1666733333,heterogeneous
0.009,0.0615848211066026,13,3,50000,25065,0.5013,0.1671,heterogeneous
0.011,0.0615848211066026,13,3,50000,25080,0.5016,0.1672,heterogeneous
0.015,0.0615848211066026,13,3,50000,24959,0.49918,0.1663933333,heterogeneous
0.0,0.0784759970351461,13,3,50000,24900,0.498,0.166,heterogeneous
0.006,0.0784759970351461,13,3,50000,24825,0.4965,0.1655,heterogeneous
0.009,0.0784759970351461,13,3,50000,25205,0.5041,0.1680333333,heterogeneous
0.011,0.0784759970351461,13,3,50000,25035,0.5007,0.1669,heterogeneous
0.015,0.0784759970351461,13,3,50000,24995,0.4999,0.1666333333,heterogeneous
0.0,0.1,13,3,50000,24881,0.49762,0.1658733333,heterogeneous
0.006,0.1,13,3,50000,24998,0.49996,0.1666533333,heterogeneous
0.009,0.1,13,3,50000,24818,0.49636,0.1654533333,heterogeneous
0.015,0.1,13,3,50000,25091,0.50182,0.1672733333,heterogeneous
0.011,0.1,13,3,50000,24927,0.49854,0.16618,heterogeneous
0.0,0.001,15,3,50000,0,0.0,0.0,heterogeneous
0.006,0.00127427498570313,15,3,50000,175,0.0035,0.001166666667,heterogeneous
0.0,0.00127427498570313,15,3,50000,0,0.0,0.0,heterogeneous
0.006,0.001,15,3,50000,142,0.00284,0.0009466666667,heterogeneous
0.0,0.00162377673918872,15,3,50000,0,0.0,0.0,heterogeneous
0.009,0.00127427498570313,15,3,50000,1781,0.03562,0.01187333333,heterogeneous
0.006,0.00162377673918872,15,3,50000,341,0.00682,0.002273333333,heterogeneous
0.009,0.001,15,3,50000,1755,0.0351,0.0117,heterogeneous
0.015,0.00127427498570313,15,3,50000,12651,0.25302,0.08434,heterogeneous
0.011,0.001,15,3,50000,3580,0.0716,0.02386666667,heterogeneous
0.011,0.00127427498570313,15,3,50000,5574,0.11148,0.03716,heterogeneous
0.015,0.001,15,3,50000,12728,0.25456,0.08485333333,heterogeneous
0.009,0.00162377673918872,15,3,50000,2096,0.04192,0.01397333333,heterogeneous
0.011,0.00162377673918872,15,3,50000,5630,0.1126,0.03753333333,heterogeneous
0.015,0.00162377673918872,15,3,50000,12320,0.2464,0.08213333333,heterogeneous
0.0,0.00206913808111479,15,3,50000,2,4e-05,1.333333333e-05,heterogeneous
0.006,0.00206913808111479,15,3,50000,362,0.00724,0.002413333333,heterogeneous
0.009,0.00206913808111479,15,3,50000,3944,0.07888,0.02629333333,heterogeneous
0.011,0.00206913808111479,15,3,50000,4038,0.08076,0.02692,heterogeneous
0.0,0.00263665089873036,15,3,50000,4,8e-05,2.666666667e-05,heterogeneous
0.015,0.00206913808111479,15,3,50000,12678,0.25356,0.08452,heterogeneous
0.006,0.00263665089873036,15,3,50000,531,0.01062,0.00354,heterogeneous
0.009,0.00263665089873036,15,3,50000,2776,0.05552,0.01850666667,heterogeneous
0.011,0.00263665089873036,15,3,50000,5848,0.11696,0.03898666667,heterogeneous
0.015,0.00263665089873036,15,3,50000,14019,0.28038,0.09346,heterogeneous
0.0,0.00335981828628378,15,3,50000,23,0.00046,0.0001533333333,heterogeneous
0.006,0.00335981828628378,15,3,50000,473,0.00946,0.003153333333,heterogeneous
0.009,0.00335981828628378,15,3,50000,2831,0.05662,0.01887333333,heterogeneous
0.011,0.00335981828628378,15,3,50000,6056,0.12112,0.04037333333,heterogeneous
0.015,0.00335981828628378,15,3,50000,17672,0.35344,0.1178133333,heterogeneous
0.0,0.0042813323987194,15,3,50000,96,0.00192,0.00064,heterogeneous
0.006,0.0042813323987194,15,3,50000,918,0.01836,0.00612,heterogeneous
0.009,0.0042813323987194,15,3,50000,4036,0.08072,0.02690666667,heterogeneous
0.011,0.0042813323987194,15,3,50000,8045,0.1609,0.05363333333,heterogeneous
0.015,0.0042813323987194,15,3,50000,13456,0.26912,0.08970666667,heterogeneous
0.0,0.00545559478116852,15,3,50000,454,0.00908,0.003026666667,heterogeneous
0.006,0.00545559478116852,15,3,50000,2186,0.04372,0.01457333333,heterogeneous
0.009,0.00545559478116852,15,3,50000,5856,0.11712,0.03904,heterogeneous
0.011,0.00545559478116852,15,3,50000,8314,0.16628,0.05542666667,heterogeneous
0.015,0.00545559478116852,15,3,50000,16088,0.32176,0.1072533333,heterogeneous
0.0,0.0069519279617756,15,3,50000,1767,0.03534,0.01178,heterogeneous
0.006,0.0069519279617756,15,3,50000,4092,0.08184,0.02728,heterogeneous
0.009,0.0069519279617756,15,3,50000,8458,0.16916,0.05638666667,heterogeneous
0.011,0.0069519279617756,15,3,50000,9877,0.19754,0.06584666667,heterogeneous
0.015,0.0069519279617756,15,3,50000,18402,0.36804,0.12268,heterogeneous
0.0,0.00885866790410082,15,3,50000,5525,0.1105,0.03683333333,heterogeneous
0.006,0.00885866790410082,15,3,50000,8053,0.16106,0.05368666667,heterogeneous
0.009,0.00885866790410082,15,3,50000,10799,0.21598,0.07199333333,heterogeneous
0.011,0.00885866790410082,15,3,50000,14439,0.28878,0.09626,heterogeneous
0.015,0.00885866790410082,15,3,50000,19867,0.39734,0.1324466667,heterogeneous
0.0,0.0112883789168469,15,3,50000,12575,0.2515,0.08383333333,heterogeneous
0.006,0.0112883789168469,15,3,50000,13725,0.2745,0.0915,heterogeneous
0.009,0.0112883789168469,15,3,50000,16956,0.33912,0.11304,heterogeneous
0.011,0.0112883789168469,15,3,50000,18579,0.37158,0.12386,heterogeneous
0.015,0.0112883789168469,15,3,50000,21864,0.43728,0.14576,heterogeneous
0.0,0.0143844988828766,15,3,50000,20046,0.40092,0.13364,heterogeneous
0.006,0.0143844988828766,15,3,50000,19983,0.39966,0.13322,heterogeneous
0.009,0.0143844988828766,15,3,50000,20432,0.40864,0.1362133333,heterogeneous
0.011,0.0143844988828766,15,3,50000,21641,0.43282,0.1442733333,heterogeneous
0.015,0.0143844988828766,15,3,50000,24047,0.48094,0.1603133333,heterogeneous
0.0,0.0183298071083244,15,3,50000,23894,0.47788,0.1592933333,heterogeneous
0.006,0.0183298071083244,15,3,50000,23968,0.47936,0.1597866667,heterogeneous
0.009,0.0183298071083244,15,3,50000,23476,0.46952,0.1565066667,heterogeneous
0.011,0.0183298071083244,15,3,50000,23858,0.47716,0.1590533333,heterogeneous
0.015,0.0183298071083244,15,3,50000,24477,0.48954,0.16318,heterogeneous
0.0,0.0233572146909012,15,3,50000,24952,0.49904,0.1663466667,heterogeneous
0.006,0.0233572146909012,15,3,50000,25149,0.50298,0.16766,heterogeneous
0.009,0.0233572146909012,15,3,50000,24942,0.49884,0.16628,heterogeneous
0.011,0.0233572146909012,15,3,50000,24842,0.49684,0.1656133333,heterogeneous
0.015,0.0233572146909012,15,3,50000,25010,0.5002,0.1667333333,heterogeneous
0.0,0.0297635144163132,15,3,50000,25121,0.50242,0.1674733333,heterogeneous
0.006,0.0297635144163132,15,3,50000,24873,0.49746,0.16582,heterogeneous
0.009,0.0297635144163132,15,3,50000,24990,0.4998,0.1666,heterogeneous
0.011,0.0297635144163132,15,3,50000,25132,0.50264,0.1675466667,heterogeneous
0.015,0.0297635144163132,15,3,50000,25172,0.50344,0.1678133333,heterogeneous
0.0,0.0379269019073225,15,3,50000,24920,0.4984,0.1661333333,heterogeneous
0.006,0.0379269019073225,15,3,50000,25014,0.50028,0.16676,heterogeneous
0.009,0.0379269019073225,15,3,50000,25008,0.50016,0.16672,heterogeneous
0.011,0.0379269019073225,15,3,50000,24901,0.49802,0.1660066667,heterogeneous
0.015,0.0379269019073225,15,3,50000,24707,0.49414,0.1647133333,heterogeneous
0.0,0.0483293023857175,15,3,50000,25017,0.50034,0.16678,heterogeneous
0.006,0.0483293023857175,15,3,50000,24970,0.4994,0.1664666667,heterogeneous
0.009,0.0483293023857175,15,3,50000,25105,0.5021,0.1673666667,heterogeneous
0.011,0.0483293023857175,15,3,50000,25009,0.50018,0.1667266667,heterogeneous
0.015,0.0483293023857175,15,3,50000,25210,0.5042,0.1680666667,heterogeneous
0.0,0.0615848211066026,15,3,50000,24980,0.4996,0.1665333333,heterogeneous
0.006,0.0615848211066026,15,3,50000,24934,0.49868,0.1662266667,heterogeneous
0.009,0.0615848211066026,15,3,50000,24937,0.49874,0.1662466667,heterogeneous
0.011,0.0615848211066026,15,3,50000,24833,0.49666,0.1655533333,heterogeneous
0.015,0.0615848211066026,15,3,50000,25169,0.50338,0.1677933333,heterogeneous
0.0,0.0784759970351461,15,3,50000,24818,0.49636,0.1654533333,heterogeneous
0.006,0.0784759970351461,15,3,50000,24822,0.49644,0.16548,heterogeneous
0.009,0.0784759970351461,15,3,50000,24905,0.4981,0.1660333333,heterogeneous
0.011,0.0784759970351461,15,3,50000,25101,0.50202,0.16734,heterogeneous
0.015,0.0784759970351461,15,3,50000,25010,0.5002,0.1667333333,heterogeneous
0.0,0.1,15,3,50000,25044,0.50088,0.16696,heterogeneous
0.006,0.1,15,3,50000,25036,0.50072,0.1669066667,heterogeneous
0.009,0.1,15,3,50000,24897,0.49794,0.16598,heterogeneous
0.011,0.1,15,3,50000,24884,0.49768,0.1658933333,heterogeneous
0.015,0.1,15,3,50000,24952,0.49904,0.1663466667,heterogeneous
0.0,0.00162377673918872,17,3,50000,0,0.0,0.0,heterogeneous
0.0,0.001,17,3,50000,0,0.0,0.0,heterogeneous
0.006,0.00162377673918872,17,3,50000,170,0.0034,0.001133333333,heterogeneous
0.006,0.00127427498570313,17,3,50000,145,0.0029,0.0009666666667,heterogeneous
0.0,0.00127427498570313,17,3,50000,0,0.0,0.0,heterogeneous
0.009,0.00127427498570313,17,3,50000,1658,0.03316,0.01105333333,heterogeneous
0.006,0.001,17,3,50000,112,0.00224,0.0007466666667,heterogeneous
0.011,0.001,17,3,50000,3624,0.07248,0.02416,heterogeneous
0.009,0.001,17,3,50000,1946,0.03892,0.01297333333,heterogeneous
0.011,0.00127427498570313,17,3,50000,4043,0.08086,0.02695333333,heterogeneous
0.015,0.00127427498570313,17,3,50000,11892,0.23784,0.07928,heterogeneous
0.015,0.001,17,3,50000,9925,0.1985,0.06616666667,heterogeneous
0.009,0.00162377673918872,17,3,50000,1868,0.03736,0.01245333333,heterogeneous
0.011,0.00162377673918872,17,3,50000,3905,0.0781,0.02603333333,heterogeneous
0.015,0.00162377673918872,17,3,50000,12601,0.25202,0.08400666667,heterogeneous
0.0,0.00206913808111479,17,3,50000,0,0.0,0.0,heterogeneous
0.006,0.00206913808111479,17,3,50000,125,0.0025,0.0008333333333,heterogeneous
0.009,0.00206913808111479,17,3,50000,1930,0.0386,0.01286666667,heterogeneous
0.011,0.00206913808111479,17,3,50000,6124,0.12248,0.04082666667,heterogeneous
0.015,0.00206913808111479,17,3,50000,11695,0.2339,0.07796666667,heterogeneous
0.0,0.00263665089873036,17,3,50000,1,2e-05,6.666666667e-06,heterogeneous
0.006,0.00263665089873036,17,3,50000,401,0.00802,0.002673333333,heterogeneous
0.009,0.00263665089873036,17,3,50000,1647,0.03294,0.01098,heterogeneous
0.015,0.00263665089873036,17,3,50000,14339,0.28678,0.09559333333,heterogeneous
0.011,0.00263665089873036,17,3,50000,4709,0.09418,0.03139333333,heterogeneous
0.0,0.00335981828628378,17,3,50000,6,0.00012,4e-05,heterogeneous
0.006,0.00335981828628378,17,3,50000,466,0.00932,0.003106666667,heterogeneous
0.009,0.00335981828628378,17,3,50000,3633,0.07266,0.02422,heterogeneous
0.011,0.00335981828628378,17,3,50000,6693,0.13386,0.04462,heterogeneous
0.015,0.00335981828628378,17,3,50000,16260,0.3252,0.1084,heterogeneous
0.0,0.0042813323987194,17,3,50000,52,0.00104,0.0003466666667,heterogeneous
0.006,0.0042813323987194,17,3,50000,1035,0.0207,0.0069,heterogeneous
0.009,0.0042813323987194,17,3,50000,2612,0.05224,0.01741333333,heterogeneous
0.011,0.0042813323987194,17,3,50000,7366,0.14732,0.04910666667,heterogeneous
0.015,0.0042813323987194,17,3,50000,15652,0.31304,0.1043466667,heterogeneous
0.0,0.00545559478116852,17,3,50000,273,0.00546,0.00182,heterogeneous
0.006,0.00545559478116852,17,3,50000,1552,0.03104,0.01034666667,heterogeneous
0.009,0.00545559478116852,17,3,50000,5340,0.1068,0.0356,heterogeneous
0.011,0.00545559478116852,17,3,50000,9320,0.1864,0.06213333333,heterogeneous
0.015,0.00545559478116852,17,3,50000,17861,0.35722,0.1190733333,heterogeneous
0.0,0.0069519279617756,17,3,50000,1459,0.02918,0.009726666667,heterogeneous
0.006,0.0069519279617756,17,3,50000,2505,0.0501,0.0167,heterogeneous
0.009,0.0069519279617756,17,3,50000,8469,0.16938,0.05646,heterogeneous
0.011,0.0069519279617756,17,3,50000,12003,0.24006,0.08002,heterogeneous
0.015,0.0069519279617756,17,3,50000,19286,0.38572,0.1285733333,heterogeneous
0.0,0.00885866790410082,17,3,50000,5106,0.10212,0.03404,heterogeneous
0.006,0.00885866790410082,17,3,50000,5811,0.11622,0.03874,heterogeneous
0.009,0.00885866790410082,17,3,50000,12079,0.24158,0.08052666667,heterogeneous
0.011,0.00885866790410082,17,3,50000,17075,0.3415,0.1138333333,heterogeneous
0.015,0.00885866790410082,17,3,50000,19706,0.39412,0.1313733333,heterogeneous
0.0,0.0112883789168469,17,3,50000,12848,0.25696,0.08565333333,heterogeneous
0.006,0.0112883789168469,17,3,50000,13695,0.2739,0.0913,heterogeneous
0.009,0.0112883789168469,17,3,50000,15654,0.31308,0.10436,heterogeneous
0.011,0.0112883789168469,17,3,50000,17183,0.34366,0.1145533333,heterogeneous
0.015,0.0112883789168469,17,3,50000,22744,0.45488,0.1516266667,heterogeneous
0.0,0.0143844988828766,17,3,50000,20939,0.41878,0.1395933333,heterogeneous
0.006,0.0143844988828766,17,3,50000,19949,0.39898,0.1329933333,heterogeneous
0.009,0.0143844988828766,17,3,50000,21065,0.4213,0.1404333333,heterogeneous
0.011,0.0143844988828766,17,3,50000,21684,0.43368,0.14456,heterogeneous
0.015,0.0143844988828766,17,3,50000,23588,0.47176,0.1572533333,heterogeneous
0.0,0.0183298071083244,17,3,50000,24517,0.49034,0.1634466667,heterogeneous
0.006,0.0183298071083244,17,3,50000,24094,0.48188,0.1606266667,heterogeneous
0.009,0.0183298071083244,17,3,50000,24255,0.4851,0.1617,heterogeneous
0.011,0.0183298071083244,17,3,50000,24427,0.48854,0.1628466667,heterogeneous
0.015,0.0183298071083244,17,3,50000,24880,0.4976,0.1658666667,heterogeneous
0.0,0.0233572146909012,17,3,50000,25245,0.5049,0.1683,heterogeneous
0.006,0.0233572146909012,17,3,50000,24841,0.49682,0.1656066667,heterogeneous
0.009,0.0233572146909012,17,3,50000,24969,0.49938,0.16646,heterogeneous
0.011,0.0233572146909012,17,3,50000,24894,0.49788,0.16596,heterogeneous
0.015,0.0233572146909012,17,3,50000,24793,0.49586,0.1652866667,heterogeneous
0.0,0.0297635144163132,17,3,50000,24768,0.49536,0.16512,heterogeneous
0.006,0.0297635144163132,17,3,50000,25021,0.50042,0.1668066667,heterogeneous
0.009,0.0297635144163132,17,3,50000,25208,0.50416,0.1680533333,heterogeneous
0.011,0.0297635144163132,17,3,50000,25066,0.50132,0.1671066667,heterogeneous
0.015,0.0297635144163132,17,3,50000,25122,0.50244,0.16748,heterogeneous
0.0,0.0379269019073225,17,3,50000,24920,0.4984,0.1661333333,heterogeneous
0.006,0.0379269019073225,17,3,50000,25139,0.50278,0.1675933333,heterogeneous
0.009,0.0379269019073225,17,3,50000,24956,0.49912,0.1663733333,heterogeneous
0.011,0.0379269019073225,17,3,50000,25102,0.50204,0.1673466667,heterogeneous
0.015,0.0379269019073225,17,3,50000,24892,0.49784,0.1659466667,heterogeneous
0.0,0.0483293023857175,17,3,50000,25070,0.5014,0.1671333333,heterogeneous
0.006,0.0483293023857175,17,3,50000,25092,0.50184,0.16728,heterogeneous
0.009,0.0483293023857175,17,3,50000,24907,0.49814,0.1660466667,heterogeneous
0.011,0.0483293023857175,17,3,50000,25139,0.50278,0.1675933333,heterogeneous
0.015,0.0483293023857175,17,3,50000,25239,0.50478,0.16826,heterogeneous
0.0,0.0615848211066026,17,3,50000,24952,0.49904,0.1663466667,heterogeneous
0.006,0.0615848211066026,17,3,50000,24777,0.49554,0.16518,heterogeneous
0.009,0.0615848211066026,17,3,50000,25088,0.50176,0.1672533333,heterogeneous
0.011,0.0615848211066026,17,3,50000,24758,0.49516,0.1650533333,heterogeneous
0.015,0.0615848211066026,17,3,50000,24972,0.49944,0.16648,heterogeneous
0.0,0.0784759970351461,17,3,50000,25058,0.50116,0.1670533333,heterogeneous
0.006,0.0784759970351461,17,3,50000,25096,0.50192,0.1673066667,heterogeneous
0.009,0.0784759970351461,17,3,50000,24993,0.49986,0.16662,heterogeneous
0.011,0.0784759970351461,17,3,50000,24761,0.49522,0.1650733333,heterogeneous
0.015,0.0784759970351461,17,3,50000,24808,0.49616,0.1653866667,heterogeneous
0.0,0.1,17,3,50000,24935,0.4987,0.1662333333,heterogeneous
0.006,0.1,17,3,50000,24901,0.49802,0.1660066667,heterogeneous
0.009,0.1,17,3,50000,24902,0.49804,0.1660133333,heterogeneous
0.011,0.1,17,3,50000,24890,0.4978,0.1659333333,heterogeneous
0.015,0.1,17,3,50000,25137,0.50274,0.16758,heterogeneous
