p,p_defect,defect_coordinate,defect_type,distance,rounds,shots,errors,ler_shot,ler_round,noise_model
0.00162377673918872,0.0,"(2, 2)",center data,3,3,50000,2340,0.0468,0.0156,homogeneous-defect
0.001,0.0,"(2, 2)",center data,3,3,50000,1365,0.0273,0.0091,homogeneous-defect
0.00127427498570313,0.75,"(2, 2)",center data,3,3,50000,2185,0.0437,0.01456666667,homogeneous-defect
0.00127427498570313,0.0,"(2, 2)",center data,3,3,50000,1897,0.03794,0.01264666667,homogeneous-defect
0.00162377673918872,0.05,"(2, 2)",center data,3,3,50000,2379,0.04758,0.01586,homogeneous-defect
0.001,0.05,"(2, 2)",center data,3,3,50000,1362,0.02724,0.00908,homogeneous-defect
0.00127427498570313,0.5,"(2, 2)",center data,3,3,50000,2178,0.04356,0.01452,homogeneous-defect
0.001,0.5,"(2, 2)",center data,3,3,50000,1577,0.03154,0.01051333333,homogeneous-defect
0.00127427498570313,0.05,"(2, 2)",center data,3,3,50000,1966,0.03932,0.01310666667,homogeneous-defect
0.001,0.75,"(2, 2)",center data,3,3,50000,1585,0.0317,0.01056666667,homogeneous-defect
0.001,0.25,"(2, 2)",center data,3,3,50000,1555,0.0311,0.01036666667,homogeneous-defect
0.00127427498570313,0.25,"(2, 2)",center data,3,3,50000,2093,0.04186,0.01395333333,homogeneous-defect
0.00162377673918872,0.25,"(2, 2)",center data,3,3,50000,2673,0.05346,0.01782,homogeneous-defect
0.00162377673918872,0.5,"(2, 2)",center data,3,3,50000,2678,0.05356,0.01785333333,homogeneous-defect
0.00162377673918872,0.75,"(2, 2)",center data,3,3,50000,2790,0.0558,0.0186,homogeneous-defect
0.00206913808111479,0.0,"(2, 2)",center data,3,3,50000,2970,0.0594,0.0198,homogeneous-defect
0.00206913808111479,0.05,"(2, 2)",center data,3,3,50000,3084,0.06168,0.02056,homogeneous-defect
0.00206913808111479,0.25,"(2, 2)",center data,3,3,50000,3461,0.06922,0.02307333333,homogeneous-defect
0.00206913808111479,0.5,"(2, 2)",center data,3,3,50000,3440,0.0688,0.02293333333,homogeneous-defect
0.00206913808111479,0.75,"(2, 2)",center data,3,3,50000,3489,0.06978,0.02326,homogeneous-defect
0.00263665089873036,0.0,"(2, 2)",center data,3,3,50000,3784,0.07568,0.02522666667,homogeneous-defect
0.00263665089873036,0.05,"(2, 2)",center data,3,3,50000,4077,0.08154,0.02718,homogeneous-defect
0.00263665089873036,0.25,"(2, 2)",center data,3,3,50000,4384,0.08768,0.02922666667,homogeneous-defect
0.00263665089873036,0.5,"(2, 2)",center data,3,3,50000,4376,0.08752,0.02917333333,homogeneous-defect
0.00335981828628378,0.0,"(2, 2)",center data,3,3,50000,4873,0.09746,0.03248666667,homogeneous-defect
0.00263665089873036,0.75,"(2, 2)",center data,3,3,50000,4396,0.08792,0.02930666667,homogeneous-defect
0.00335981828628378,0.05,"(2, 2)",center data,3,3,50000,5109,0.10218,0.03406,homogeneous-defect
0.00335981828628378,0.25,"(2, 2)",center data,3,3,50000,5548,0.11096,0.03698666667,homogeneous-defect
0.00335981828628378,0.5,"(2, 2)",center data,3,3,50000,5556,0.11112,0.03704,homogeneous-defect
0.00335981828628378,0.75,"(2, 2)",center data,3,3,50000,5567,0.11134,0.03711333333,homogeneous-defect
0.0042813323987194,0.0,"(2, 2)",center data,3,3,50000,6189,0.12378,0.04126,homogeneous-defect
0.0042813323987194,0.05,"(2, 2)",center data,3,3,50000,6310,0.1262,0.04206666667,homogeneous-defect
0.0042813323987194,0.25,"(2, 2)",center data,3,3,50000,6913,0.13826,0.04608666667,homogeneous-defect
0.0042813323987194,0.5,"(2, 2)",center data,3,3,50000,6858,0.13716,0.04572,homogeneous-defect
0.0042813323987194,0.75,"(2, 2)",center data,3,3,50000,6978,0.13956,0.04652,homogeneous-defect
0.00545559478116852,0.05,"(2, 2)",center data,3,3,50000,8082,0.16164,0.05388,homogeneous-defect
0.00545559478116852,0.0,"(2, 2)",center data,3,3,50000,7821,0.15642,0.05214,homogeneous-defect
0.00545559478116852,0.25,"(2, 2)",center data,3,3,50000,8577,0.17154,0.05718,homogeneous-defect
0.00545559478116852,0.75,"(2, 2)",center data,3,3,50000,8616,0.17232,0.05744,homogeneous-defect
0.00545559478116852,0.5,"(2, 2)",center data,3,3,50000,8586,0.17172,0.05724,homogeneous-defect
0.0069519279617756,0.0,"(2, 2)",center data,3,3,50000,9847,0.19694,0.06564666667,homogeneous-defect
0.0069519279617756,0.05,"(2, 2)",center data,3,3,50000,10094,0.20188,0.06729333333,homogeneous-defect
0.0069519279617756,0.25,"(2, 2)",center data,3,3,50000,10727,0.21454,0.07151333333,homogeneous-defect
0.0069519279617756,0.5,"(2, 2)",center data,3,3,50000,10545,0.2109,0.0703,homogeneous-defect
0.0069519279617756,0.75,"(2, 2)",center data,3,3,50000,10692,0.21384,0.07128,homogeneous-defect
0.00885866790410082,0.0,"(2, 2)",center data,3,3,50000,11899,0.23798,0.07932666667,homogeneous-defect
0.00885866790410082,0.05,"(2, 2)",center data,3,3,50000,12755,0.2551,0.08503333333,homogeneous-defect
0.00885866790410082,0.25,"(2, 2)",center data,3,3,50000,12866,0.25732,0.08577333333,homogeneous-defect
0.00885866790410082,0.5,"(2, 2)",center data,3,3,50000,12812,0.25624,0.08541333333,homogeneous-defect
0.0112883789168469,0.0,"(2, 2)",center data,3,3,50000,14661,0.29322,0.09774,homogeneous-defect
0.00885866790410082,0.75,"(2, 2)",center data,3,3,50000,13019,0.26038,0.08679333333,homogeneous-defect
0.0112883789168469,0.05,"(2, 2)",center data,3,3,50000,15095,0.3019,0.1006333333,homogeneous-defect
0.0112883789168469,0.25,"(2, 2)",center data,3,3,50000,15534,0.31068,0.10356,homogeneous-defect
0.0112883789168469,0.5,"(2, 2)",center data,3,3,50000,15974,0.31948,0.1064933333,homogeneous-defect
0.0112883789168469,0.75,"(2, 2)",center data,3,3,50000,15477,0.30954,0.10318,homogeneous-defect
0.0143844988828766,0.0,"(2, 2)",center data,3,3,50000,17244,0.34488,0.11496,homogeneous-defect
0.0143844988828766,0.05,"(2, 2)",center data,3,3,50000,17451,0.34902,0.11634,homogeneous-defect
0.0143844988828766,0.25,"(2, 2)",center data,3,3,50000,18179,0.36358,0.1211933333,homogeneous-defect
0.0143844988828766,0.5,"(2, 2)",center data,3,3,50000,18391,0.36782,0.1226066667,homogeneous-defect
0.0143844988828766,0.75,"(2, 2)",center data,3,3,50000,17931,0.35862,0.11954,homogeneous-defect
0.0183298071083244,0.0,"(2, 2)",center data,3,3,50000,20047,0.40094,0.1336466667,homogeneous-defect
0.0183298071083244,0.05,"(2, 2)",center data,3,3,50000,20111,0.40222,0.1340733333,homogeneous-defect
0.0183298071083244,0.25,"(2, 2)",center data,3,3,50000,20532,0.41064,0.13688,homogeneous-defect
0.0183298071083244,0.5,"(2, 2)",center data,3,3,50000,21085,0.4217,0.1405666667,homogeneous-defect
0.0183298071083244,0.75,"(2, 2)",center data,3,3,50000,20456,0.40912,0.1363733333,homogeneous-defect
0.0233572146909012,0.0,"(2, 2)",center data,3,3,50000,21905,0.4381,0.1460333333,homogeneous-defect
0.0233572146909012,0.05,"(2, 2)",center data,3,3,50000,22071,0.44142,0.14714,homogeneous-defect
0.0233572146909012,0.25,"(2, 2)",center data,3,3,50000,22247,0.44494,0.1483133333,homogeneous-defect
0.0233572146909012,0.5,"(2, 2)",center data,3,3,50000,22458,0.44916,0.14972,homogeneous-defect
0.0233572146909012,0.75,"(2, 2)",center data,3,3,50000,22550,0.451,0.1503333333,homogeneous-defect
0.0297635144163132,0.0,"(2, 2)",center data,3,3,50000,23450,0.469,0.1563333333,homogeneous-defect
0.0297635144163132,0.05,"(2, 2)",center data,3,3,50000,23554,0.47108,0.1570266667,homogeneous-defect
0.0297635144163132,0.25,"(2, 2)",center data,3,3,50000,23841,0.47682,0.15894,homogeneous-defect
0.0297635144163132,0.5,"(2, 2)",center data,3,3,50000,23867,0.47734,0.1591133333,homogeneous-defect
0.0297635144163132,0.75,"(2, 2)",center data,3,3,50000,23974,0.47948,0.1598266667,homogeneous-defect
0.0379269019073225,0.0,"(2, 2)",center data,3,3,50000,24335,0.4867,0.1622333333,homogeneous-defect
0.0379269019073225,0.05,"(2, 2)",center data,3,3,50000,24736,0.49472,0.1649066667,homogeneous-defect
0.0379269019073225,0.25,"(2, 2)",center data,3,3,50000,24693,0.49386,0.16462,homogeneous-defect
0.0379269019073225,0.5,"(2, 2)",center data,3,3,50000,24596,0.49192,0.1639733333,homogeneous-defect
0.0379269019073225,0.75,"(2, 2)",center data,3,3,50000,24700,0.494,0.1646666667,homogeneous-defect
0.0483293023857175,0.0,"(2, 2)",center data,3,3,50000,24974,0.49948,0.1664933333,homogeneous-defect
0.0483293023857175,0.05,"(2, 2)",center data,3,3,50000,24943,0.49886,0.1662866667,homogeneous-defect
0.0483293023857175,0.25,"(2, 2)",center data,3,3,50000,24924,0.49848,0.16616,homogeneous-defect
0.0483293023857175,0.5,"(2, 2)",center data,3,3,50000,24983,0.49966,0.1665533333,homogeneous-defect
0.0483293023857175,0.75,"(2, 2)",center data,3,3,50000,24803,0.49606,0.1653533333,homogeneous-defect
0.0615848211066026,0.05,"(2, 2)",center data,3,3,50000,25070,0.5014,0.1671333333,homogeneous-defect
0.0615848211066026,0.0,"(2, 2)",center data,3,3,50000,24836,0.49672,0.1655733333,homogeneous-defect
0.0615848211066026,0.25,"(2, 2)",center data,3,3,50000,24898,0.49796,0.1659866667,homogeneous-defect
0.0615848211066026,0.5,"(2, 2)",center data,3,3,50000,24841,0.49682,0.1656066667,homogeneous-defect
0.0615848211066026,0.75,"(2, 2)",center data,3,3,50000,25118,0.50236,0.1674533333,homogeneous-defect
0.0784759970351461,0.0,"(2, 2)",center data,3,3,50000,25030,0.5006,0.1668666667,homogeneous-defect
0.0784759970351461,0.05,"(2, 2)",center data,3,3,50000,24960,0.4992,0.1664,homogeneous-defect
0.0784759970351461,0.25,"(2, 2)",center data,3,3,50000,25011,0.50022,0.16674,homogeneous-defect
0.0784759970351461,0.5,"(2, 2)",center data,3,3,50000,25146,0.50292,0.16764,homogeneous-defect
0.0784759970351461,0.75,"(2, 2)",center data,3,3,50000,24986,0.49972,0.1665733333,homogeneous-defect
0.1,0.0,"(2, 2)",center data,3,3,50000,25103,0.50206,0.1673533333,homogeneous-defect
0.1,0.25,"(2, 2)",center data,3,3,50000,24977,0.49954,0.1665133333,homogeneous-defect
0.1,0.05,"(2, 2)",center data,3,3,50000,24922,0.49844,0.1661466667,homogeneous-defect
0.1,0.5,"(2, 2)",center data,3,3,50000,24987,0.49974,0.16658,homogeneous-defect
0.1,0.75,"(2, 2)",center data,3,3,50000,25101,0.50202,0.16734,homogeneous-defect
0.001,0.5,"(3, 3)",center data,5,3,50000,236,0.00472,0.001573333333,homogeneous-defect
0.001,0.05,"(3, 3)",center data,5,3,50000,137,0.00274,0.0009133333333,homogeneous-defect
0.00162377673918872,0.0,"(3, 3)",center data,5,3,50000,216,0.00432,0.00144,homogeneous-defect
0.001,0.0,"(3, 3)",center data,5,3,50000,55,0.0011,0.0003666666667,homogeneous-defect
0.00127427498570313,0.25,"(3, 3)",center data,5,3,50000,337,0.00674,0.002246666667,homogeneous-defect
0.001,0.25,"(3, 3)",center data,5,3,50000,213,0.00426,0.00142,homogeneous-defect
0.00127427498570313,0.5,"(3, 3)",center data,5,3,50000,416,0.00832,0.002773333333,homogeneous-defect
0.00127427498570313,0.05,"(3, 3)",center data,5,3,50000,232,0.00464,0.001546666667,homogeneous-defect
0.00127427498570313,0.75,"(3, 3)",center data,5,3,50000,469,0.00938,0.003126666667,homogeneous-defect
0.00162377673918872,0.05,"(3, 3)",center data,5,3,50000,384,0.00768,0.00256,homogeneous-defect
0.00127427498570313,0.0,"(3, 3)",center data,5,3,50000,124,0.00248,0.0008266666667,homogeneous-defect
0.001,0.75,"(3, 3)",center data,5,3,50000,254,0.00508,0.001693333333,homogeneous-defect
0.00162377673918872,0.25,"(3, 3)",center data,5,3,50000,569,0.01138,0.003793333333,homogeneous-defect
0.00162377673918872,0.5,"(3, 3)",center data,5,3,50000,646,0.01292,0.004306666667,homogeneous-defect
0.00162377673918872,0.75,"(3, 3)",center data,5,3,50000,704,0.01408,0.004693333333,homogeneous-defect
0.00206913808111479,0.0,"(3, 3)",center data,5,3,50000,346,0.00692,0.002306666667,homogeneous-defect
0.00206913808111479,0.05,"(3, 3)",center data,5,3,50000,569,0.01138,0.003793333333,homogeneous-defect
0.00206913808111479,0.25,"(3, 3)",center data,5,3,50000,859,0.01718,0.005726666667,homogeneous-defect
0.00206913808111479,0.5,"(3, 3)",center data,5,3,50000,977,0.01954,0.006513333333,homogeneous-defect
0.00206913808111479,0.75,"(3, 3)",center data,5,3,50000,1090,0.0218,0.007266666667,homogeneous-defect
0.00263665089873036,0.0,"(3, 3)",center data,5,3,50000,632,0.01264,0.004213333333,homogeneous-defect
0.00263665089873036,0.05,"(3, 3)",center data,5,3,50000,931,0.01862,0.006206666667,homogeneous-defect
0.00263665089873036,0.25,"(3, 3)",center data,5,3,50000,1357,0.02714,0.009046666667,homogeneous-defect
0.00263665089873036,0.5,"(3, 3)",center data,5,3,50000,1527,0.03054,0.01018,homogeneous-defect
0.00263665089873036,0.75,"(3, 3)",center data,5,3,50000,1599,0.03198,0.01066,homogeneous-defect
0.00335981828628378,0.0,"(3, 3)",center data,5,3,50000,1071,0.02142,0.00714,homogeneous-defect
0.00335981828628378,0.05,"(3, 3)",center data,5,3,50000,1497,0.02994,0.00998,homogeneous-defect
0.00335981828628378,0.25,"(3, 3)",center data,5,3,50000,2126,0.04252,0.01417333333,homogeneous-defect
0.00335981828628378,0.5,"(3, 3)",center data,5,3,50000,2406,0.04812,0.01604,homogeneous-defect
0.00335981828628378,0.75,"(3, 3)",center data,5,3,50000,2506,0.05012,0.01670666667,homogeneous-defect
0.0042813323987194,0.0,"(3, 3)",center data,5,3,50000,1782,0.03564,0.01188,homogeneous-defect
0.0042813323987194,0.05,"(3, 3)",center data,5,3,50000,2484,0.04968,0.01656,homogeneous-defect
0.0042813323987194,0.25,"(3, 3)",center data,5,3,50000,3265,0.0653,0.02176666667,homogeneous-defect
0.0042813323987194,0.5,"(3, 3)",center data,5,3,50000,3670,0.0734,0.02446666667,homogeneous-defect
0.0042813323987194,0.75,"(3, 3)",center data,5,3,50000,3780,0.0756,0.0252,homogeneous-defect
0.00545559478116852,0.0,"(3, 3)",center data,5,3,50000,3080,0.0616,0.02053333333,homogeneous-defect
0.00545559478116852,0.05,"(3, 3)",center data,5,3,50000,3896,0.07792,0.02597333333,homogeneous-defect
0.00545559478116852,0.25,"(3, 3)",center data,5,3,50000,5001,0.10002,0.03334,homogeneous-defect
0.00545559478116852,0.5,"(3, 3)",center data,5,3,50000,5354,0.10708,0.03569333333,homogeneous-defect
0.00545559478116852,0.75,"(3, 3)",center data,5,3,50000,5564,0.11128,0.03709333333,homogeneous-defect
0.0069519279617756,0.0,"(3, 3)",center data,5,3,50000,5065,0.1013,0.03376666667,homogeneous-defect
0.0069519279617756,0.05,"(3, 3)",center data,5,3,50000,5972,0.11944,0.03981333333,homogeneous-defect
0.0069519279617756,0.25,"(3, 3)",center data,5,3,50000,7294,0.14588,0.04862666667,homogeneous-defect
0.0069519279617756,0.5,"(3, 3)",center data,5,3,50000,7753,0.15506,0.05168666667,homogeneous-defect
0.0069519279617756,0.75,"(3, 3)",center data,5,3,50000,8037,0.16074,0.05358,homogeneous-defect
0.00885866790410082,0.0,"(3, 3)",center data,5,3,50000,7803,0.15606,0.05202,homogeneous-defect
0.00885866790410082,0.05,"(3, 3)",center data,5,3,50000,9064,0.18128,0.06042666667,homogeneous-defect
0.00885866790410082,0.25,"(3, 3)",center data,5,3,50000,10573,0.21146,0.07048666667,homogeneous-defect
0.00885866790410082,0.5,"(3, 3)",center data,5,3,50000,10908,0.21816,0.07272,homogeneous-defect
0.00885866790410082,0.75,"(3, 3)",center data,5,3,50000,11269,0.22538,0.07512666667,homogeneous-defect
0.0112883789168469,0.0,"(3, 3)",center data,5,3,50000,11511,0.23022,0.07674,homogeneous-defect
0.0112883789168469,0.05,"(3, 3)",center data,5,3,50000,12699,0.25398,0.08466,homogeneous-defect
0.0112883789168469,0.25,"(3, 3)",center data,5,3,50000,14078,0.28156,0.09385333333,homogeneous-defect
0.0112883789168469,0.5,"(3, 3)",center data,5,3,50000,14497,0.28994,0.09664666667,homogeneous-defect
0.0143844988828766,0.0,"(3, 3)",center data,5,3,50000,15786,0.31572,0.10524,homogeneous-defect
0.0112883789168469,0.75,"(3, 3)",center data,5,3,50000,14731,0.29462,0.09820666667,homogeneous-defect
0.0143844988828766,0.05,"(3, 3)",center data,5,3,50000,16745,0.3349,0.1116333333,homogeneous-defect
0.0143844988828766,0.25,"(3, 3)",center data,5,3,50000,17794,0.35588,0.1186266667,homogeneous-defect
0.0143844988828766,0.5,"(3, 3)",center data,5,3,50000,18035,0.3607,0.1202333333,homogeneous-defect
0.0143844988828766,0.75,"(3, 3)",center data,5,3,50000,18301,0.36602,0.1220066667,homogeneous-defect
0.0183298071083244,0.0,"(3, 3)",center data,5,3,50000,19638,0.39276,0.13092,homogeneous-defect
0.0183298071083244,0.05,"(3, 3)",center data,5,3,50000,20187,0.40374,0.13458,homogeneous-defect
0.0183298071083244,0.25,"(3, 3)",center data,5,3,50000,21108,0.42216,0.14072,homogeneous-defect
0.0183298071083244,0.5,"(3, 3)",center data,5,3,50000,21571,0.43142,0.1438066667,homogeneous-defect
0.0183298071083244,0.75,"(3, 3)",center data,5,3,50000,21515,0.4303,0.1434333333,homogeneous-defect
0.0233572146909012,0.0,"(3, 3)",center data,5,3,50000,22719,0.45438,0.15146,homogeneous-defect
0.0233572146909012,0.05,"(3, 3)",center data,5,3,50000,23053,0.46106,0.1536866667,homogeneous-defect
0.0233572146909012,0.25,"(3, 3)",center data,5,3,50000,23199,0.46398,0.15466,homogeneous-defect
0.0233572146909012,0.5,"(3, 3)",center data,5,3,50000,23477,0.46954,0.1565133333,homogeneous-defect
0.0233572146909012,0.75,"(3, 3)",center data,5,3,50000,23703,0.47406,0.15802,homogeneous-defect
0.0297635144163132,0.0,"(3, 3)",center data,5,3,50000,24270,0.4854,0.1618,homogeneous-defect
0.0297635144163132,0.05,"(3, 3)",center data,5,3,50000,24318,0.48636,0.16212,homogeneous-defect
0.0297635144163132,0.25,"(3, 3)",center data,5,3,50000,24492,0.48984,0.16328,homogeneous-defect
0.0297635144163132,0.5,"(3, 3)",center data,5,3,50000,24612,0.49224,0.16408,homogeneous-defect
0.0297635144163132,0.75,"(3, 3)",center data,5,3,50000,24510,0.4902,0.1634,homogeneous-defect
0.0379269019073225,0.0,"(3, 3)",center data,5,3,50000,24826,0.49652,0.1655066667,homogeneous-defect
0.0379269019073225,0.05,"(3, 3)",center data,5,3,50000,25068,0.50136,0.16712,homogeneous-defect
0.0379269019073225,0.25,"(3, 3)",center data,5,3,50000,24845,0.4969,0.1656333333,homogeneous-defect
0.0379269019073225,0.5,"(3, 3)",center data,5,3,50000,24865,0.4973,0.1657666667,homogeneous-defect
0.0379269019073225,0.75,"(3, 3)",center data,5,3,50000,24875,0.4975,0.1658333333,homogeneous-defect
0.0483293023857175,0.0,"(3, 3)",center data,5,3,50000,24840,0.4968,0.1656,homogeneous-defect
0.0483293023857175,0.05,"(3, 3)",center data,5,3,50000,24903,0.49806,0.16602,homogeneous-defect
0.0483293023857175,0.25,"(3, 3)",center data,5,3,50000,25157,0.50314,0.1677133333,homogeneous-defect
0.0483293023857175,0.5,"(3, 3)",center data,5,3,50000,25038,0.50076,0.16692,homogeneous-defect
0.0615848211066026,0.0,"(3, 3)",center data,5,3,50000,24928,0.49856,0.1661866667,homogeneous-defect
0.0483293023857175,0.75,"(3, 3)",center data,5,3,50000,24999,0.49998,0.16666,homogeneous-defect
0.0615848211066026,0.05,"(3, 3)",center data,5,3,50000,24933,0.49866,0.16622,homogeneous-defect
0.0615848211066026,0.25,"(3, 3)",center data,5,3,50000,25233,0.50466,0.16822,homogeneous-defect
0.0615848211066026,0.5,"(3, 3)",center data,5,3,50000,25084,0.50168,0.1672266667,homogeneous-defect
0.0615848211066026,0.75,"(3, 3)",center data,5,3,50000,24990,0.4998,0.1666,homogeneous-defect
0.0784759970351461,0.0,"(3, 3)",center data,5,3,50000,25147,0.50294,0.1676466667,homogeneous-defect
0.0784759970351461,0.05,"(3, 3)",center data,5,3,50000,24984,0.49968,0.16656,homogeneous-defect
0.0784759970351461,0.25,"(3, 3)",center data,5,3,50000,24912,0.49824,0.16608,homogeneous-defect
0.0784759970351461,0.5,"(3, 3)",center data,5,3,50000,25176,0.50352,0.16784,homogeneous-defect
0.0784759970351461,0.75,"(3, 3)",center data,5,3,50000,25144,0.50288,0.1676266667,homogeneous-defect
0.1,0.0,"(3, 3)",center data,5,3,50000,25165,0.5033,0.1677666667,homogeneous-defect
0.1,0.05,"(3, 3)",center data,5,3,50000,24898,0.49796,0.1659866667,homogeneous-defect
0.1,0.25,"(3, 3)",center data,5,3,50000,25095,0.5019,0.1673,homogeneous-defect
0.1,0.5,"(3, 3)",center data,5,3,50000,25146,0.50292,0.16764,homogeneous-defect
0.1,0.75,"(3, 3)",center data,5,3,50000,24905,0.4981,0.1660333333,homogeneous-defect
0.001,0.25,"(4, 4)",center data,7,3,50000,18,0.00036,0.00012,homogeneous-defect
0.001,0.5,"(4, 4)",center data,7,3,50000,32,0.00064,0.0002133333333,homogeneous-defect
0.001,0.05,"(4, 4)",center data,7,3,50000,13,0.00026,8.666666667e-05,homogeneous-defect
0.001,0.75,"(4, 4)",center data,7,3,50000,37,0.00074,0.0002466666667,homogeneous-defect
0.00127427498570313,0.25,"(4, 4)",center data,7,3,50000,65,0.0013,0.0004333333333,homogeneous-defect
0.00127427498570313,0.5,"(4, 4)",center data,7,3,50000,64,0.00128,0.0004266666667,homogeneous-defect
0.00162377673918872,0.05,"(4, 4)",center data,7,3,50000,94,0.00188,0.0006266666667,homogeneous-defect
0.00127427498570313,0.0,"(4, 4)",center data,7,3,50000,29,0.00058,0.0001933333333,homogeneous-defect
0.001,0.0,"(4, 4)",center data,7,3,50000,6,0.00012,4e-05,homogeneous-defect
0.00127427498570313,0.75,"(4, 4)",center data,7,3,50000,80,0.0016,0.0005333333333,homogeneous-defect
0.00127427498570313,0.05,"(4, 4)",center data,7,3,50000,38,0.00076,0.0002533333333,homogeneous-defect
0.00162377673918872,0.0,"(4, 4)",center data,7,3,50000,53,0.00106,0.0003533333333,homogeneous-defect
0.00162377673918872,0.25,"(4, 4)",center data,7,3,50000,93,0.00186,0.00062,homogeneous-defect
0.00162377673918872,0.5,"(4, 4)",center data,7,3,50000,162,0.00324,0.00108,homogeneous-defect
0.00162377673918872,0.75,"(4, 4)",center data,7,3,50000,139,0.00278,0.0009266666667,homogeneous-defect
0.00206913808111479,0.0,"(4, 4)",center data,7,3,50000,103,0.00206,0.0006866666667,homogeneous-defect
0.00206913808111479,0.05,"(4, 4)",center data,7,3,50000,146,0.00292,0.0009733333333,homogeneous-defect
0.00206913808111479,0.25,"(4, 4)",center data,7,3,50000,222,0.00444,0.00148,homogeneous-defect
0.00206913808111479,0.5,"(4, 4)",center data,7,3,50000,262,0.00524,0.001746666667,homogeneous-defect
0.00206913808111479,0.75,"(4, 4)",center data,7,3,50000,268,0.00536,0.001786666667,homogeneous-defect
0.00263665089873036,0.0,"(4, 4)",center data,7,3,50000,257,0.00514,0.001713333333,homogeneous-defect
0.00263665089873036,0.05,"(4, 4)",center data,7,3,50000,341,0.00682,0.002273333333,homogeneous-defect
0.00263665089873036,0.25,"(4, 4)",center data,7,3,50000,487,0.00974,0.003246666667,homogeneous-defect
0.00263665089873036,0.5,"(4, 4)",center data,7,3,50000,499,0.00998,0.003326666667,homogeneous-defect
0.00263665089873036,0.75,"(4, 4)",center data,7,3,50000,568,0.01136,0.003786666667,homogeneous-defect
0.00335981828628378,0.0,"(4, 4)",center data,7,3,50000,522,0.01044,0.00348,homogeneous-defect
0.00335981828628378,0.05,"(4, 4)",center data,7,3,50000,666,0.01332,0.00444,homogeneous-defect
0.00335981828628378,0.25,"(4, 4)",center data,7,3,50000,906,0.01812,0.00604,homogeneous-defect
0.00335981828628378,0.5,"(4, 4)",center data,7,3,50000,967,0.01934,0.006446666667,homogeneous-defect
0.00335981828628378,0.75,"(4, 4)",center data,7,3,50000,973,0.01946,0.006486666667,homogeneous-defect
0.0042813323987194,0.0,"(4, 4)",center data,7,3,50000,1015,0.0203,0.006766666667,homogeneous-defect
0.0042813323987194,0.05,"(4, 4)",center data,7,3,50000,1317,0.02634,0.00878,homogeneous-defect
0.0042813323987194,0.25,"(4, 4)",center data,7,3,50000,1690,0.0338,0.01126666667,homogeneous-defect
0.0042813323987194,0.5,"(4, 4)",center data,7,3,50000,1753,0.03506,0.01168666667,homogeneous-defect
0.0042813323987194,0.75,"(4, 4)",center data,7,3,50000,1886,0.03772,0.01257333333,homogeneous-defect
0.00545559478116852,0.0,"(4, 4)",center data,7,3,50000,2062,0.04124,0.01374666667,homogeneous-defect
0.00545559478116852,0.05,"(4, 4)",center data,7,3,50000,2460,0.0492,0.0164,homogeneous-defect
0.00545559478116852,0.25,"(4, 4)",center data,7,3,50000,3056,0.06112,0.02037333333,homogeneous-defect
0.00545559478116852,0.5,"(4, 4)",center data,7,3,50000,3286,0.06572,0.02190666667,homogeneous-defect
0.0069519279617756,0.0,"(4, 4)",center data,7,3,50000,3967,0.07934,0.02644666667,homogeneous-defect
0.00545559478116852,0.75,"(4, 4)",center data,7,3,50000,3251,0.06502,0.02167333333,homogeneous-defect
0.0069519279617756,0.05,"(4, 4)",center data,7,3,50000,4557,0.09114,0.03038,homogeneous-defect
0.0069519279617756,0.25,"(4, 4)",center data,7,3,50000,5418,0.10836,0.03612,homogeneous-defect
0.0069519279617756,0.5,"(4, 4)",center data,7,3,50000,5731,0.11462,0.03820666667,homogeneous-defect
0.0069519279617756,0.75,"(4, 4)",center data,7,3,50000,5714,0.11428,0.03809333333,homogeneous-defect
0.00885866790410082,0.0,"(4, 4)",center data,7,3,50000,7082,0.14164,0.04721333333,homogeneous-defect
0.00885866790410082,0.05,"(4, 4)",center data,7,3,50000,7828,0.15656,0.05218666667,homogeneous-defect
0.00885866790410082,0.25,"(4, 4)",center data,7,3,50000,8866,0.17732,0.05910666667,homogeneous-defect
0.00885866790410082,0.5,"(4, 4)",center data,7,3,50000,9126,0.18252,0.06084,homogeneous-defect
0.00885866790410082,0.75,"(4, 4)",center data,7,3,50000,9341,0.18682,0.06227333333,homogeneous-defect
0.0112883789168469,0.0,"(4, 4)",center data,7,3,50000,11636,0.23272,0.07757333333,homogeneous-defect
0.0112883789168469,0.05,"(4, 4)",center data,7,3,50000,12273,0.24546,0.08182,homogeneous-defect
0.0112883789168469,0.25,"(4, 4)",center data,7,3,50000,13561,0.27122,0.09040666667,homogeneous-defect
0.0112883789168469,0.5,"(4, 4)",center data,7,3,50000,13857,0.27714,0.09238,homogeneous-defect
0.0112883789168469,0.75,"(4, 4)",center data,7,3,50000,13782,0.27564,0.09188,homogeneous-defect
0.0143844988828766,0.0,"(4, 4)",center data,7,3,50000,16630,0.3326,0.1108666667,homogeneous-defect
0.0143844988828766,0.05,"(4, 4)",center data,7,3,50000,17354,0.34708,0.1156933333,homogeneous-defect
0.0143844988828766,0.25,"(4, 4)",center data,7,3,50000,17926,0.35852,0.1195066667,homogeneous-defect
0.0143844988828766,0.5,"(4, 4)",center data,7,3,50000,18437,0.36874,0.1229133333,homogeneous-defect
0.0143844988828766,0.75,"(4, 4)",center data,7,3,50000,18263,0.36526,0.1217533333,homogeneous-defect
0.0183298071083244,0.0,"(4, 4)",center data,7,3,50000,21057,0.42114,0.14038,homogeneous-defect
0.0183298071083244,0.05,"(4, 4)",center data,7,3,50000,21358,0.42716,0.1423866667,homogeneous-defect
0.0183298071083244,0.25,"(4, 4)",center data,7,3,50000,21787,0.43574,0.1452466667,homogeneous-defect
0.0183298071083244,0.5,"(4, 4)",center data,7,3,50000,21811,0.43622,0.1454066667,homogeneous-defect
0.0183298071083244,0.75,"(4, 4)",center data,7,3,50000,22056,0.44112,0.14704,homogeneous-defect
0.0233572146909012,0.0,"(4, 4)",center data,7,3,50000,23892,0.47784,0.15928,homogeneous-defect
0.0233572146909012,0.05,"(4, 4)",center data,7,3,50000,24024,0.48048,0.16016,homogeneous-defect
0.0233572146909012,0.25,"(4, 4)",center data,7,3,50000,23963,0.47926,0.1597533333,homogeneous-defect
0.0233572146909012,0.5,"(4, 4)",center data,7,3,50000,24080,0.4816,0.1605333333,homogeneous-defect
0.0233572146909012,0.75,"(4, 4)",center data,7,3,50000,24247,0.48494,0.1616466667,homogeneous-defect
0.0297635144163132,0.0,"(4, 4)",center data,7,3,50000,24648,0.49296,0.16432,homogeneous-defect
0.0297635144163132,0.05,"(4, 4)",center data,7,3,50000,24864,0.49728,0.16576,homogeneous-defect
0.0297635144163132,0.25,"(4, 4)",center data,7,3,50000,24938,0.49876,0.1662533333,homogeneous-defect
0.0297635144163132,0.5,"(4, 4)",center data,7,3,50000,24938,0.49876,0.1662533333,homogeneous-defect
0.0297635144163132,0.75,"(4, 4)",center data,7,3,50000,24904,0.49808,0.1660266667,homogeneous-defect
0.0379269019073225,0.0,"(4, 4)",center data,7,3,50000,25056,0.50112,0.16704,homogeneous-defect
0.0379269019073225,0.05,"(4, 4)",center data,7,3,50000,24969,0.49938,0.16646,homogeneous-defect
0.0379269019073225,0.25,"(4, 4)",center data,7,3,50000,25073,0.50146,0.1671533333,homogeneous-defect
0.0379269019073225,0.5,"(4, 4)",center data,7,3,50000,25070,0.5014,0.1671333333,homogeneous-defect
0.0379269019073225,0.75,"(4, 4)",center data,7,3,50000,25040,0.5008,0.1669333333,homogeneous-defect
0.0483293023857175,0.0,"(4, 4)",center data,7,3,50000,24990,0.4998,0.1666,homogeneous-defect
0.0483293023857175,0.05,"(4, 4)",center data,7,3,50000,24976,0.49952,0.1665066667,homogeneous-defect
0.0483293023857175,0.25,"(4, 4)",center data,7,3,50000,24881,0.49762,0.1658733333,homogeneous-defect
0.0483293023857175,0.5,"(4, 4)",center data,7,3,50000,24804,0.49608,0.16536,homogeneous-defect
0.0483293023857175,0.75,"(4, 4)",center data,7,3,50000,25068,0.50136,0.16712,homogeneous-defect
0.0615848211066026,0.0,"(4, 4)",center data,7,3,50000,25085,0.5017,0.1672333333,homogeneous-defect
0.0615848211066026,0.05,"(4, 4)",center data,7,3,50000,25207,0.50414,0.1680466667,homogeneous-defect
0.0615848211066026,0.25,"(4, 4)",center data,7,3,50000,25093,0.50186,0.1672866667,homogeneous-defect
0.0615848211066026,0.5,"(4, 4)",center data,7,3,50000,25089,0.50178,0.16726,homogeneous-defect
0.0615848211066026,0.75,"(4, 4)",center data,7,3,50000,24951,0.49902,0.16634,homogeneous-defect
0.0784759970351461,0.0,"(4, 4)",center data,7,3,50000,25038,0.50076,0.16692,homogeneous-defect
0.0784759970351461,0.05,"(4, 4)",center data,7,3,50000,24714,0.49428,0.16476,homogeneous-defect
0.0784759970351461,0.25,"(4, 4)",center data,7,3,50000,24970,0.4994,0.1664666667,homogeneous-defect
0.0784759970351461,0.5,"(4, 4)",center data,7,3,50000,24999,0.49998,0.16666,homogeneous-defect
0.0784759970351461,0.75,"(4, 4)",center data,7,3,50000,25027,0.50054,0.1668466667,homogeneous-defect
0.1,0.0,"(4, 4)",center data,7,3,50000,25076,0.50152,0.1671733333,homogeneous-defect
0.1,0.05,"(4, 4)",center data,7,3,50000,24919,0.49838,0.1661266667,homogeneous-defect
0.1,0.25,"(4, 4)",center data,7,3,50000,24949,0.49898,0.1663266667,homogeneous-defect
0.1,0.5,"(4, 4)",center data,7,3,50000,25060,0.5012,0.1670666667,homogeneous-defect
0.1,0.75,"(4, 4)",center data,7,3,50000,24961,0.49922,0.1664066667,homogeneous-defect
0.00127427498570313,0.0,"(5, 5)",center data,9,3,50000,2,4e-05,1.333333333e-05,homogeneous-defect
0.00127427498570313,0.05,"(5, 5)",center data,9,3,50000,7,0.00014,4.666666667e-05,homogeneous-defect
0.00127427498570313,0.5,"(5, 5)",center data,9,3,50000,10,0.0002,6.666666667e-05,homogeneous-defect
0.00127427498570313,0.75,"(5, 5)",center data,9,3,50000,10,0.0002,6.666666667e-05,homogeneous-defect
0.001,0.25,"(5, 5)",center data,9,3,50000,2,4e-05,1.333333333e-05,homogeneous-defect
0.001,0.75,"(5, 5)",center data,9,3,50000,4,8e-05,2.666666667e-05,homogeneous-defect
0.001,0.0,"(5, 5)",center data,9,3,50000,0,0.0,0.0,homogeneous-defect
0.00162377673918872,0.0,"(5, 5)",center data,9,3,50000,16,0.00032,0.0001066666667,homogeneous-defect
0.00127427498570313,0.25,"(5, 5)",center data,9,3,50000,9,0.00018,6e-05,homogeneous-defect
0.001,0.05,"(5, 5)",center data,9,3,50000,1,2e-05,6.666666667e-06,homogeneous-defect
0.001,0.5,"(5, 5)",center data,9,3,50000,3,6e-05,2e-05,homogeneous-defect
0.00162377673918872,0.05,"(5, 5)",center data,9,3,50000,18,0.00036,0.00012,homogeneous-defect
0.00162377673918872,0.25,"(5, 5)",center data,9,3,50000,26,0.00052,0.0001733333333,homogeneous-defect
0.00162377673918872,0.5,"(5, 5)",center data,9,3,50000,23,0.00046,0.0001533333333,homogeneous-defect
0.00206913808111479,0.0,"(5, 5)",center data,9,3,50000,29,0.00058,0.0001933333333,homogeneous-defect
0.00162377673918872,0.75,"(5, 5)",center data,9,3,50000,39,0.00078,0.00026,homogeneous-defect
0.00206913808111479,0.05,"(5, 5)",center data,9,3,50000,33,0.00066,0.00022,homogeneous-defect
0.00206913808111479,0.5,"(5, 5)",center data,9,3,50000,56,0.00112,0.0003733333333,homogeneous-defect
0.00206913808111479,0.25,"(5, 5)",center data,9,3,50000,72,0.00144,0.00048,homogeneous-defect
0.00206913808111479,0.75,"(5, 5)",center data,9,3,50000,73,0.00146,0.0004866666667,homogeneous-defect
0.00263665089873036,0.0,"(5, 5)",center data,9,3,50000,72,0.00144,0.00048,homogeneous-defect
0.00263665089873036,0.25,"(5, 5)",center data,9,3,50000,149,0.00298,0.0009933333333,homogeneous-defect
0.00263665089873036,0.05,"(5, 5)",center data,9,3,50000,107,0.00214,0.0007133333333,homogeneous-defect
0.00263665089873036,0.5,"(5, 5)",center data,9,3,50000,165,0.0033,0.0011,homogeneous-defect
0.00263665089873036,0.75,"(5, 5)",center data,9,3,50000,175,0.0035,0.001166666667,homogeneous-defect
0.00335981828628378,0.0,"(5, 5)",center data,9,3,50000,202,0.00404,0.001346666667,homogeneous-defect
0.00335981828628378,0.05,"(5, 5)",center data,9,3,50000,287,0.00574,0.001913333333,homogeneous-defect
0.00335981828628378,0.25,"(5, 5)",center data,9,3,50000,375,0.0075,0.0025,homogeneous-defect
0.00335981828628378,0.5,"(5, 5)",center data,9,3,50000,406,0.00812,0.002706666667,homogeneous-defect
0.00335981828628378,0.75,"(5, 5)",center data,9,3,50000,419,0.00838,0.002793333333,homogeneous-defect
0.0042813323987194,0.0,"(5, 5)",center data,9,3,50000,577,0.01154,0.003846666667,homogeneous-defect
0.0042813323987194,0.05,"(5, 5)",center data,9,3,50000,738,0.01476,0.00492,homogeneous-defect
0.0042813323987194,0.25,"(5, 5)",center data,9,3,50000,916,0.01832,0.006106666667,homogeneous-defect
0.0042813323987194,0.5,"(5, 5)",center data,9,3,50000,940,0.0188,0.006266666667,homogeneous-defect
0.0042813323987194,0.75,"(5, 5)",center data,9,3,50000,922,0.01844,0.006146666667,homogeneous-defect
0.00545559478116852,0.0,"(5, 5)",center data,9,3,50000,1419,0.02838,0.00946,homogeneous-defect
0.00545559478116852,0.05,"(5, 5)",center data,9,3,50000,1573,0.03146,0.01048666667,homogeneous-defect
0.00545559478116852,0.25,"(5, 5)",center data,9,3,50000,1902,0.03804,0.01268,homogeneous-defect
0.00545559478116852,0.5,"(5, 5)",center data,9,3,50000,2135,0.0427,0.01423333333,homogeneous-defect
0.00545559478116852,0.75,"(5, 5)",center data,9,3,50000,2186,0.04372,0.01457333333,homogeneous-defect
0.0069519279617756,0.0,"(5, 5)",center data,9,3,50000,3241,0.06482,0.02160666667,homogeneous-defect
0.0069519279617756,0.05,"(5, 5)",center data,9,3,50000,3585,0.0717,0.0239,homogeneous-defect
0.0069519279617756,0.25,"(5, 5)",center data,9,3,50000,4092,0.08184,0.02728,homogeneous-defect
0.0069519279617756,0.5,"(5, 5)",center data,9,3,50000,4267,0.08534,0.02844666667,homogeneous-defect
0.0069519279617756,0.75,"(5, 5)",center data,9,3,50000,4408,0.08816,0.02938666667,homogeneous-defect
0.00885866790410082,0.0,"(5, 5)",center data,9,3,50000,6565,0.1313,0.04376666667,homogeneous-defect
0.00885866790410082,0.25,"(5, 5)",center data,9,3,50000,7776,0.15552,0.05184,homogeneous-defect
0.00885866790410082,0.05,"(5, 5)",center data,9,3,50000,7238,0.14476,0.04825333333,homogeneous-defect
0.00885866790410082,0.5,"(5, 5)",center data,9,3,50000,8164,0.16328,0.05442666667,homogeneous-defect
0.00885866790410082,0.75,"(5, 5)",center data,9,3,50000,8071,0.16142,0.05380666667,homogeneous-defect
0.0112883789168469,0.0,"(5, 5)",center data,9,3,50000,11924,0.23848,0.07949333333,homogeneous-defect
0.0112883789168469,0.05,"(5, 5)",center data,9,3,50000,12547,0.25094,0.08364666667,homogeneous-defect
0.0112883789168469,0.25,"(5, 5)",center data,9,3,50000,13205,0.2641,0.08803333333,homogeneous-defect
0.0112883789168469,0.5,"(5, 5)",center data,9,3,50000,13349,0.26698,0.08899333333,homogeneous-defect
0.0112883789168469,0.75,"(5, 5)",center data,9,3,50000,13158,0.26316,0.08772,homogeneous-defect
0.0143844988828766,0.0,"(5, 5)",center data,9,3,50000,17740,0.3548,0.1182666667,homogeneous-defect
0.0143844988828766,0.05,"(5, 5)",center data,9,3,50000,17950,0.359,0.1196666667,homogeneous-defect
0.0143844988828766,0.25,"(5, 5)",center data,9,3,50000,18736,0.37472,0.1249066667,homogeneous-defect
0.0143844988828766,0.5,"(5, 5)",center data,9,3,50000,19040,0.3808,0.1269333333,homogeneous-defect
0.0143844988828766,0.75,"(5, 5)",center data,9,3,50000,18690,0.3738,0.1246,homogeneous-defect
0.0183298071083244,0.0,"(5, 5)",center data,9,3,50000,21944,0.43888,0.1462933333,homogeneous-defect
0.0183298071083244,0.05,"(5, 5)",center data,9,3,50000,22498,0.44996,0.1499866667,homogeneous-defect
0.0183298071083244,0.25,"(5, 5)",center data,9,3,50000,22725,0.4545,0.1515,homogeneous-defect
0.0183298071083244,0.5,"(5, 5)",center data,9,3,50000,22926,0.45852,0.15284,homogeneous-defect
0.0183298071083244,0.75,"(5, 5)",center data,9,3,50000,22703,0.45406,0.1513533333,homogeneous-defect
0.0233572146909012,0.0,"(5, 5)",center data,9,3,50000,24337,0.48674,0.1622466667,homogeneous-defect
0.0233572146909012,0.05,"(5, 5)",center data,9,3,50000,24609,0.49218,0.16406,homogeneous-defect
0.0233572146909012,0.25,"(5, 5)",center data,9,3,50000,24519,0.49038,0.16346,homogeneous-defect
0.0233572146909012,0.5,"(5, 5)",center data,9,3,50000,24468,0.48936,0.16312,homogeneous-defect
0.0233572146909012,0.75,"(5, 5)",center data,9,3,50000,24576,0.49152,0.16384,homogeneous-defect
0.0297635144163132,0.0,"(5, 5)",center data,9,3,50000,24909,0.49818,0.16606,homogeneous-defect
0.0297635144163132,0.05,"(5, 5)",center data,9,3,50000,24826,0.49652,0.1655066667,homogeneous-defect
0.0297635144163132,0.25,"(5, 5)",center data,9,3,50000,25085,0.5017,0.1672333333,homogeneous-defect
0.0297635144163132,0.5,"(5, 5)",center data,9,3,50000,24858,0.49716,0.16572,homogeneous-defect
0.0297635144163132,0.75,"(5, 5)",center data,9,3,50000,25080,0.5016,0.1672,homogeneous-defect
0.0379269019073225,0.0,"(5, 5)",center data,9,3,50000,25016,0.50032,0.1667733333,homogeneous-defect
0.0379269019073225,0.05,"(5, 5)",center data,9,3,50000,24941,0.49882,0.1662733333,homogeneous-defect
0.0379269019073225,0.25,"(5, 5)",center data,9,3,50000,25126,0.50252,0.1675066667,homogeneous-defect
0.0379269019073225,0.5,"(5, 5)",center data,9,3,50000,25125,0.5025,0.1675,homogeneous-defect
0.0379269019073225,0.75,"(5, 5)",center data,9,3,50000,24952,0.49904,0.1663466667,homogeneous-defect
0.0483293023857175,0.0,"(5, 5)",center data,9,3,50000,25123,0.50246,0.1674866667,homogeneous-defect
0.0483293023857175,0.05,"(5, 5)",center data,9,3,50000,25199,0.50398,0.1679933333,homogeneous-defect
0.0483293023857175,0.25,"(5, 5)",center data,9,3,50000,25030,0.5006,0.1668666667,homogeneous-defect
0.0483293023857175,0.5,"(5, 5)",center data,9,3,50000,25009,0.50018,0.1667266667,homogeneous-defect
0.0483293023857175,0.75,"(5, 5)",center data,9,3,50000,24898,0.49796,0.1659866667,homogeneous-defect
0.0615848211066026,0.0,"(5, 5)",center data,9,3,50000,24948,0.49896,0.16632,homogeneous-defect
0.0615848211066026,0.05,"(5, 5)",center data,9,3,50000,24814,0.49628,0.1654266667,homogeneous-defect
0.0615848211066026,0.25,"(5, 5)",center data,9,3,50000,25030,0.5006,0.1668666667,homogeneous-defect
0.0615848211066026,0.5,"(5, 5)",center data,9,3,50000,24880,0.4976,0.1658666667,homogeneous-defect
0.0615848211066026,0.75,"(5, 5)",center data,9,3,50000,24982,0.49964,0.1665466667,homogeneous-defect
0.0784759970351461,0.0,"(5, 5)",center data,9,3,50000,25051,0.50102,0.1670066667,homogeneous-defect
0.0784759970351461,0.05,"(5, 5)",center data,9,3,50000,25045,0.5009,0.1669666667,homogeneous-defect
0.0784759970351461,0.25,"(5, 5)",center data,9,3,50000,25099,0.50198,0.1673266667,homogeneous-defect
0.0784759970351461,0.5,"(5, 5)",center data,9,3,50000,24791,0.49582,0.1652733333,homogeneous-defect
0.0784759970351461,0.75,"(5, 5)",center data,9,3,50000,24958,0.49916,0.1663866667,homogeneous-defect
0.1,0.0,"(5, 5)",center data,9,3,50000,25056,0.50112,0.16704,homogeneous-defect
0.1,0.05,"(5, 5)",center data,9,3,50000,25102,0.50204,0.1673466667,homogeneous-defect
0.1,0.25,"(5, 5)",center data,9,3,50000,25003,0.50006,0.1666866667,homogeneous-defect
0.1,0.5,"(5, 5)",center data,9,3,50000,25215,0.5043,0.1681,homogeneous-defect
0.1,0.75,"(5, 5)",center data,9,3,50000,24957,0.49914,0.16638,homogeneous-defect
0.00127427498570313,0.0,"(6, 6)",center data,11,3,50000,1,2e-05,6.666666667e-06,homogeneous-defect
0.00127427498570313,0.05,"(6, 6)",center data,11,3,50000,0,0.0,0.0,homogeneous-defect
0.001,0.75,"(6, 6)",center data,11,3,50000,3,6e-05,2e-05,homogeneous-defect
0.00127427498570313,0.25,"(6, 6)",center data,11,3,50000,2,4e-05,1.333333333e-05,homogeneous-defect
0.001,0.25,"(6, 6)",center data,11,3,50000,0,0.0,0.0,homogeneous-defect
0.001,0.05,"(6, 6)",center data,11,3,50000,1,2e-05,6.666666667e-06,homogeneous-defect
0.001,0.5,"(6, 6)",center data,11,3,50000,1,2e-05,6.666666667e-06,homogeneous-defect
0.001,0.0,"(6, 6)",center data,11,3,50000,0,0.0,0.0,homogeneous-defect
0.00162377673918872,0.0,"(6, 6)",center data,11,3,50000,3,6e-05,2e-05,homogeneous-defect
0.00127427498570313,0.5,"(6, 6)",center data,11,3,50000,3,6e-05,2e-05,homogeneous-defect
0.00162377673918872,0.05,"(6, 6)",center data,11,3,50000,3,6e-05,2e-05,homogeneous-defect
0.00127427498570313,0.75,"(6, 6)",center data,11,3,50000,1,2e-05,6.666666667e-06,homogeneous-defect
0.00162377673918872,0.25,"(6, 6)",center data,11,3,50000,5,0.0001,3.333333333e-05,homogeneous-defect
0.00162377673918872,0.5,"(6, 6)",center data,11,3,50000,4,8e-05,2.666666667e-05,homogeneous-defect
0.00162377673918872,0.75,"(6, 6)",center data,11,3,50000,6,0.00012,4e-05,homogeneous-defect
0.00206913808111479,0.0,"(6, 6)",center data,11,3,50000,12,0.00024,8e-05,homogeneous-defect
0.00206913808111479,0.25,"(6, 6)",center data,11,3,50000,11,0.00022,7.333333333e-05,homogeneous-defect
0.00206913808111479,0.05,"(6, 6)",center data,11,3,50000,14,0.00028,9.333333333e-05,homogeneous-defect
0.00206913808111479,0.5,"(6, 6)",center data,11,3,50000,20,0.0004,0.0001333333333,homogeneous-defect
0.00206913808111479,0.75,"(6, 6)",center data,11,3,50000,25,0.0005,0.0001666666667,homogeneous-defect
0.00263665089873036,0.0,"(6, 6)",center data,11,3,50000,23,0.00046,0.0001533333333,homogeneous-defect
0.00263665089873036,0.05,"(6, 6)",center data,11,3,50000,38,0.00076,0.0002533333333,homogeneous-defect
0.00263665089873036,0.25,"(6, 6)",center data,11,3,50000,51,0.00102,0.00034,homogeneous-defect
0.00263665089873036,0.5,"(6, 6)",center data,11,3,50000,54,0.00108,0.00036,homogeneous-defect
0.00335981828628378,0.0,"(6, 6)",center data,11,3,50000,95,0.0019,0.0006333333333,homogeneous-defect
0.00263665089873036,0.75,"(6, 6)",center data,11,3,50000,45,0.0009,0.0003,homogeneous-defect
0.00335981828628378,0.05,"(6, 6)",center data,11,3,50000,119,0.00238,0.0007933333333,homogeneous-defect
0.00335981828628378,0.25,"(6, 6)",center data,11,3,50000,165,0.0033,0.0011,homogeneous-defect
0.00335981828628378,0.5,"(6, 6)",center data,11,3,50000,154,0.00308,0.001026666667,homogeneous-defect
0.00335981828628378,0.75,"(6, 6)",center data,11,3,50000,175,0.0035,0.001166666667,homogeneous-defect
0.0042813323987194,0.0,"(6, 6)",center data,11,3,50000,331,0.00662,0.002206666667,homogeneous-defect
0.0042813323987194,0.05,"(6, 6)",center data,11,3,50000,392,0.00784,0.002613333333,homogeneous-defect
0.0042813323987194,0.25,"(6, 6)",center data,11,3,50000,455,0.0091,0.003033333333,homogeneous-defect
0.0042813323987194,0.5,"(6, 6)",center data,11,3,50000,483,0.00966,0.00322,homogeneous-defect
0.0042813323987194,0.75,"(6, 6)",center data,11,3,50000,515,0.0103,0.003433333333,homogeneous-defect
0.00545559478116852,0.0,"(6, 6)",center data,11,3,50000,1018,0.02036,0.006786666667,homogeneous-defect
0.00545559478116852,0.05,"(6, 6)",center data,11,3,50000,1112,0.02224,0.007413333333,homogeneous-defect
0.00545559478116852,0.25,"(6, 6)",center data,11,3,50000,1236,0.02472,0.00824,homogeneous-defect
0.00545559478116852,0.5,"(6, 6)",center data,11,3,50000,1347,0.02694,0.00898,homogeneous-defect
0.00545559478116852,0.75,"(6, 6)",center data,11,3,50000,1376,0.02752,0.009173333333,homogeneous-defect
0.0069519279617756,0.0,"(6, 6)",center data,11,3,50000,2668,0.05336,0.01778666667,homogeneous-defect
0.0069519279617756,0.05,"(6, 6)",center data,11,3,50000,2825,0.0565,0.01883333333,homogeneous-defect
0.0069519279617756,0.25,"(6, 6)",center data,11,3,50000,3162,0.06324,0.02108,homogeneous-defect
0.0069519279617756,0.5,"(6, 6)",center data,11,3,50000,3410,0.0682,0.02273333333,homogeneous-defect
0.0069519279617756,0.75,"(6, 6)",center data,11,3,50000,3449,0.06898,0.02299333333,homogeneous-defect
0.00885866790410082,0.0,"(6, 6)",center data,11,3,50000,6363,0.12726,0.04242,homogeneous-defect
0.00885866790410082,0.05,"(6, 6)",center data,11,3,50000,6702,0.13404,0.04468,homogeneous-defect
0.00885866790410082,0.25,"(6, 6)",center data,11,3,50000,7216,0.14432,0.04810666667,homogeneous-defect
0.00885866790410082,0.5,"(6, 6)",center data,11,3,50000,7285,0.1457,0.04856666667,homogeneous-defect
0.00885866790410082,0.75,"(6, 6)",center data,11,3,50000,7368,0.14736,0.04912,homogeneous-defect
0.0112883789168469,0.0,"(6, 6)",center data,11,3,50000,12149,0.24298,0.08099333333,homogeneous-defect
0.0112883789168469,0.05,"(6, 6)",center data,11,3,50000,12336,0.24672,0.08224,homogeneous-defect
0.0112883789168469,0.25,"(6, 6)",center data,11,3,50000,13108,0.26216,0.08738666667,homogeneous-defect
0.0112883789168469,0.5,"(6, 6)",center data,11,3,50000,13366,0.26732,0.08910666667,homogeneous-defect
0.0112883789168469,0.75,"(6, 6)",center data,11,3,50000,13526,0.27052,0.09017333333,homogeneous-defect
0.0143844988828766,0.0,"(6, 6)",center data,11,3,50000,18607,0.37214,0.1240466667,homogeneous-defect
0.0143844988828766,0.05,"(6, 6)",center data,11,3,50000,18858,0.37716,0.12572,homogeneous-defect
0.0143844988828766,0.25,"(6, 6)",center data,11,3,50000,19275,0.3855,0.1285,homogeneous-defect
0.0143844988828766,0.5,"(6, 6)",center data,11,3,50000,19603,0.39206,0.1306866667,homogeneous-defect
0.0143844988828766,0.75,"(6, 6)",center data,11,3,50000,19617,0.39234,0.13078,homogeneous-defect
0.0183298071083244,0.0,"(6, 6)",center data,11,3,50000,23099,0.46198,0.1539933333,homogeneous-defect
0.0183298071083244,0.05,"(6, 6)",center data,11,3,50000,23137,0.46274,0.1542466667,homogeneous-defect
0.0183298071083244,0.25,"(6, 6)",center data,11,3,50000,23119,0.46238,0.1541266667,homogeneous-defect
0.0183298071083244,0.5,"(6, 6)",center data,11,3,50000,23225,0.4645,0.1548333333,homogeneous-defect
0.0183298071083244,0.75,"(6, 6)",center data,11,3,50000,23249,0.46498,0.1549933333,homogeneous-defect
0.0233572146909012,0.0,"(6, 6)",center data,11,3,50000,24619,0.49238,0.1641266667,homogeneous-defect
0.0233572146909012,0.05,"(6, 6)",center data,11,3,50000,24617,0.49234,0.1641133333,homogeneous-defect
0.0233572146909012,0.25,"(6, 6)",center data,11,3,50000,24771,0.49542,0.16514,homogeneous-defect
0.0233572146909012,0.5,"(6, 6)",center data,11,3,50000,24670,0.4934,0.1644666667,homogeneous-defect
0.0233572146909012,0.75,"(6, 6)",center data,11,3,50000,24951,0.49902,0.16634,homogeneous-defect
0.0297635144163132,0.0,"(6, 6)",center data,11,3,50000,25028,0.50056,0.1668533333,homogeneous-defect
0.0297635144163132,0.05,"(6, 6)",center data,11,3,50000,25032,0.50064,0.16688,homogeneous-defect
0.0297635144163132,0.25,"(6, 6)",center data,11,3,50000,25026,0.50052,0.16684,homogeneous-defect
0.0297635144163132,0.5,"(6, 6)",center data,11,3,50000,24966,0.49932,0.16644,homogeneous-defect
0.0297635144163132,0.75,"(6, 6)",center data,11,3,50000,25053,0.50106,0.16702,homogeneous-defect
0.0379269019073225,0.0,"(6, 6)",center data,11,3,50000,24904,0.49808,0.1660266667,homogeneous-defect
0.0379269019073225,0.05,"(6, 6)",center data,11,3,50000,24953,0.49906,0.1663533333,homogeneous-defect
0.0379269019073225,0.25,"(6, 6)",center data,11,3,50000,24987,0.49974,0.16658,homogeneous-defect
0.0379269019073225,0.5,"(6, 6)",center data,11,3,50000,24951,0.49902,0.16634,homogeneous-defect
0.0379269019073225,0.75,"(6, 6)",center data,11,3,50000,25011,0.50022,0.16674,homogeneous-defect
0.0483293023857175,0.0,"(6, 6)",center data,11,3,50000,25024,0.50048,0.1668266667,homogeneous-defect
0.0483293023857175,0.05,"(6, 6)",center data,11,3,50000,25128,0.50256,0.16752,homogeneous-defect
0.0483293023857175,0.25,"(6, 6)",center data,11,3,50000,24867,0.49734,0.16578,homogeneous-defect
0.0483293023857175,0.5,"(6, 6)",center data,11,3,50000,25107,0.50214,0.16738,homogeneous-defect
0.0483293023857175,0.75,"(6, 6)",center data,11,3,50000,25127,0.50254,0.1675133333,homogeneous-defect
0.0615848211066026,0.0,"(6, 6)",center data,11,3,50000,25008,0.50016,0.16672,homogeneous-defect
0.0615848211066026,0.05,"(6, 6)",center data,11,3,50000,25161,0.50322,0.16774,homogeneous-defect
0.0615848211066026,0.25,"(6, 6)",center data,11,3,50000,25306,0.50612,0.1687066667,homogeneous-defect
0.0615848211066026,0.5,"(6, 6)",center data,11,3,50000,25060,0.5012,0.1670666667,homogeneous-defect
0.0615848211066026,0.75,"(6, 6)",center data,11,3,50000,25008,0.50016,0.16672,homogeneous-defect
0.0784759970351461,0.0,"(6, 6)",center data,11,3,50000,25033,0.50066,0.1668866667,homogeneous-defect
0.0784759970351461,0.05,"(6, 6)",center data,11,3,50000,25092,0.50184,0.16728,homogeneous-defect
0.0784759970351461,0.25,"(6, 6)",center data,11,3,50000,24933,0.49866,0.16622,homogeneous-defect
0.0784759970351461,0.5,"(6, 6)",center data,11,3,50000,25027,0.50054,0.1668466667,homogeneous-defect
0.0784759970351461,0.75,"(6, 6)",center data,11,3,50000,25124,0.50248,0.1674933333,homogeneous-defect
0.1,0.0,"(6, 6)",center data,11,3,50000,24949,0.49898,0.1663266667,homogeneous-defect
0.1,0.05,"(6, 6)",center data,11,3,50000,25031,0.50062,0.1668733333,homogeneous-defect
0.1,0.25,"(6, 6)",center data,11,3,50000,25081,0.50162,0.1672066667,homogeneous-defect
0.1,0.5,"(6, 6)",center data,11,3,50000,24984,0.49968,0.16656,homogeneous-defect
0.1,0.75,"(6, 6)",center data,11,3,50000,24859,0.49718,0.1657266667,homogeneous-defect
0.001,0.05,"(7, 7)",center data,13,3,50000,0,0.0,0.0,homogeneous-defect
0.00127427498570313,0.25,"(7, 7)",center data,13,3,50000,0,0.0,0.0,homogeneous-defect
0.00162377673918872,0.0,"(7, 7)",center data,13,3,50000,0,0.0,0.0,homogeneous-defect
0.001,0.0,"(7, 7)",center data,13,3,50000,0,0.0,0.0,homogeneous-defect
0.001,0.75,"(7, 7)",center data,13,3,50000,1,2e-05,6.666666667e-06,homogeneous-defect
0.001,0.5,"(7, 7)",center data,13,3,50000,0,0.0,0.0,homogeneous-defect
0.00127427498570313,0.05,"(7, 7)",center data,13,3,50000,0,0.0,0.0,homogeneous-defect
0.00127427498570313,0.75,"(7, 7)",center data,13,3,50000,0,0.0,0.0,homogeneous-defect
0.00127427498570313,0.0,"(7, 7)",center data,13,3,50000,0,0.0,0.0,homogeneous-defect
0.00127427498570313,0.5,"(7, 7)",center data,13,3,50000,0,0.0,0.0,homogeneous-defect
0.001,0.25,"(7, 7)",center data,13,3,50000,0,0.0,0.0,homogeneous-defect
0.00162377673918872,0.05,"(7, 7)",center data,13,3,50000,2,4e-05,1.333333333e-05,homogeneous-defect
0.00162377673918872,0.25,"(7, 7)",center data,13,3,50000,0,0.0,0.0,homogeneous-defect
0.00162377673918872,0.5,"(7, 7)",center data,13,3,50000,1,2e-05,6.666666667e-06,homogeneous-defect
0.00162377673918872,0.75,"(7, 7)",center data,13,3,50000,1,2e-05,6.666666667e-06,homogeneous-defect
0.00206913808111479,0.0,"(7, 7)",center data,13,3,50000,2,4e-05,1.333333333e-05,homogeneous-defect
0.00206913808111479,0.05,"(7, 7)",center data,13,3,50000,2,4e-05,1.333333333e-05,homogeneous-defect
0.00206913808111479,0.25,"(7, 7)",center data,13,3,50000,3,6e-05,2e-05,homogeneous-defect
0.00206913808111479,0.5,"(7, 7)",center data,13,3,50000,3,6e-05,2e-05,homogeneous-defect
0.00263665089873036,0.05,"(7, 7)",center data,13,3,50000,14,0.00028,9.333333333e-05,homogeneous-defect
0.00206913808111479,0.75,"(7, 7)",center data,13,3,50000,4,8e-05,2.666666667e-05,homogeneous-defect
0.00263665089873036,0.0,"(7, 7)",center data,13,3,50000,11,0.00022,7.333333333e-05,homogeneous-defect
0.00263665089873036,0.25,"(7, 7)",center data,13,3,50000,13,0.00026,8.666666667e-05,homogeneous-defect
0.00263665089873036,0.5,"(7, 7)",center data,13,3,50000,13,0.00026,8.666666667e-05,homogeneous-defect
0.00263665089873036,0.75,"(7, 7)",center data,13,3,50000,18,0.00036,0.00012,homogeneous-defect
0.00335981828628378,0.0,"(7, 7)",center data,13,3,50000,39,0.00078,0.00026,homogeneous-defect
0.00335981828628378,0.05,"(7, 7)",center data,13,3,50000,63,0.00126,0.00042,homogeneous-defect
0.00335981828628378,0.25,"(7, 7)",center data,13,3,50000,70,0.0014,0.0004666666667,homogeneous-defect
0.00335981828628378,0.5,"(7, 7)",center data,13,3,50000,75,0.0015,0.0005,homogeneous-defect
0.00335981828628378,0.75,"(7, 7)",center data,13,3,50000,72,0.00144,0.00048,homogeneous-defect
0.0042813323987194,0.0,"(7, 7)",center data,13,3,50000,148,0.00296,0.0009866666667,homogeneous-defect
0.0042813323987194,0.05,"(7, 7)",center data,13,3,50000,187,0.00374,0.001246666667,homogeneous-defect
0.0042813323987194,0.25,"(7, 7)",center data,13,3,50000,261,0.00522,0.00174,homogeneous-defect
0.0042813323987194,0.5,"(7, 7)",center data,13,3,50000,277,0.00554,0.001846666667,homogeneous-defect
0.0042813323987194,0.75,"(7, 7)",center data,13,3,50000,257,0.00514,0.001713333333,homogeneous-defect
0.00545559478116852,0.0,"(7, 7)",center data,13,3,50000,611,0.01222,0.004073333333,homogeneous-defect
0.00545559478116852,0.05,"(7, 7)",center data,13,3,50000,730,0.0146,0.004866666667,homogeneous-defect
0.00545559478116852,0.25,"(7, 7)",center data,13,3,50000,804,0.01608,0.00536,homogeneous-defect
0.00545559478116852,0.5,"(7, 7)",center data,13,3,50000,844,0.01688,0.005626666667,homogeneous-defect
0.00545559478116852,0.75,"(7, 7)",center data,13,3,50000,826,0.01652,0.005506666667,homogeneous-defect
0.0069519279617756,0.0,"(7, 7)",center data,13,3,50000,2208,0.04416,0.01472,homogeneous-defect
0.0069519279617756,0.05,"(7, 7)",center data,13,3,50000,2382,0.04764,0.01588,homogeneous-defect
0.0069519279617756,0.25,"(7, 7)",center data,13,3,50000,2559,0.05118,0.01706,homogeneous-defect
0.0069519279617756,0.5,"(7, 7)",center data,13,3,50000,2596,0.05192,0.01730666667,homogeneous-defect
0.0069519279617756,0.75,"(7, 7)",center data,13,3,50000,2721,0.05442,0.01814,homogeneous-defect
0.00885866790410082,0.0,"(7, 7)",center data,13,3,50000,5908,0.11816,0.03938666667,homogeneous-defect
0.00885866790410082,0.05,"(7, 7)",center data,13,3,50000,6224,0.12448,0.04149333333,homogeneous-defect
0.00885866790410082,0.25,"(7, 7)",center data,13,3,50000,6669,0.13338,0.04446,homogeneous-defect
0.00885866790410082,0.5,"(7, 7)",center data,13,3,50000,6655,0.1331,0.04436666667,homogeneous-defect
0.00885866790410082,0.75,"(7, 7)",center data,13,3,50000,6749,0.13498,0.04499333333,homogeneous-defect
0.0112883789168469,0.05,"(7, 7)",center data,13,3,50000,12785,0.2557,0.08523333333,homogeneous-defect
0.0112883789168469,0.0,"(7, 7)",center data,13,3,50000,12506,0.25012,0.08337333333,homogeneous-defect
0.0112883789168469,0.25,"(7, 7)",center data,13,3,50000,13106,0.26212,0.08737333333,homogeneous-defect
0.0112883789168469,0.5,"(7, 7)",center data,13,3,50000,13218,0.26436,0.08812,homogeneous-defect
0.0112883789168469,0.75,"(7, 7)",center data,13,3,50000,13355,0.2671,0.08903333333,homogeneous-defect
0.0143844988828766,0.0,"(7, 7)",center data,13,3,50000,19414,0.38828,0.1294266667,homogeneous-defect
0.0143844988828766,0.05,"(7, 7)",center data,13,3,50000,19589,0.39178,0.1305933333,homogeneous-defect
0.0143844988828766,0.25,"(7, 7)",center data,13,3,50000,19955,0.3991,0.1330333333,homogeneous-defect
0.0143844988828766,0.5,"(7, 7)",center data,13,3,50000,19902,0.39804,0.13268,homogeneous-defect
0.0143844988828766,0.75,"(7, 7)",center data,13,3,50000,20205,0.4041,0.1347,homogeneous-defect
0.0183298071083244,0.0,"(7, 7)",center data,13,3,50000,23574,0.47148,0.15716,homogeneous-defect
0.0183298071083244,0.05,"(7, 7)",center data,13,3,50000,23923,0.47846,0.1594866667,homogeneous-defect
0.0183298071083244,0.5,"(7, 7)",center data,13,3,50000,23776,0.47552,0.1585066667,homogeneous-defect
0.0183298071083244,0.25,"(7, 7)",center data,13,3,50000,23796,0.47592,0.15864,homogeneous-defect
0.0183298071083244,0.75,"(7, 7)",center data,13,3,50000,24049,0.48098,0.1603266667,homogeneous-defect
0.0233572146909012,0.0,"(7, 7)",center data,13,3,50000,25096,0.50192,0.1673066667,homogeneous-defect
0.0233572146909012,0.05,"(7, 7)",center data,13,3,50000,24970,0.4994,0.1664666667,homogeneous-defect
0.0233572146909012,0.25,"(7, 7)",center data,13,3,50000,24830,0.4966,0.1655333333,homogeneous-defect
0.0233572146909012,0.5,"(7, 7)",center data,13,3,50000,24846,0.49692,0.16564,homogeneous-defect
0.0233572146909012,0.75,"(7, 7)",center data,13,3,50000,24970,0.4994,0.1664666667,homogeneous-defect
0.0297635144163132,0.0,"(7, 7)",center data,13,3,50000,25083,0.50166,0.16722,homogeneous-defect
0.0297635144163132,0.05,"(7, 7)",center data,13,3,50000,24816,0.49632,0.16544,homogeneous-defect
0.0297635144163132,0.25,"(7, 7)",center data,13,3,50000,25078,0.50156,0.1671866667,homogeneous-defect
0.0297635144163132,0.5,"(7, 7)",center data,13,3,50000,24978,0.49956,0.16652,homogeneous-defect
0.0297635144163132,0.75,"(7, 7)",center data,13,3,50000,25063,0.50126,0.1670866667,homogeneous-defect
0.0379269019073225,0.0,"(7, 7)",center data,13,3,50000,25148,0.50296,0.1676533333,homogeneous-defect
0.0379269019073225,0.05,"(7, 7)",center data,13,3,50000,24967,0.49934,0.1664466667,homogeneous-defect
0.0379269019073225,0.25,"(7, 7)",center data,13,3,50000,25012,0.50024,0.1667466667,homogeneous-defect
0.0379269019073225,0.5,"(7, 7)",center data,13,3,50000,24875,0.4975,0.1658333333,homogeneous-defect
0.0379269019073225,0.75,"(7, 7)",center data,13,3,50000,25001,0.50002,0.1666733333,homogeneous-defect
0.0483293023857175,0.0,"(7, 7)",center data,13,3,50000,25057,0.50114,0.1670466667,homogeneous-defect
0.0483293023857175,0.05,"(7, 7)",center data,13,3,50000,24944,0.49888,0.1662933333,homogeneous-defect
0.0483293023857175,0.25,"(7, 7)",center data,13,3,50000,25001,0.50002,0.1666733333,homogeneous-defect
0.0483293023857175,0.5,"(7, 7)",center data,13,3,50000,25032,0.50064,0.16688,homogeneous-defect
0.0483293023857175,0.75,"(7, 7)",center data,13,3,50000,25248,0.50496,0.16832,homogeneous-defect
0.0615848211066026,0.0,"(7, 7)",center data,13,3,50000,25226,0.50452,0.1681733333,homogeneous-defect
0.0615848211066026,0.05,"(7, 7)",center data,13,3,50000,25132,0.50264,0.1675466667,homogeneous-defect
0.0615848211066026,0.25,"(7, 7)",center data,13,3,50000,24840,0.4968,0.1656,homogeneous-defect
0.0615848211066026,0.5,"(7, 7)",center data,13,3,50000,25119,0.50238,0.16746,homogeneous-defect
0.0615848211066026,0.75,"(7, 7)",center data,13,3,50000,24852,0.49704,0.16568,homogeneous-defect
0.0784759970351461,0.0,"(7, 7)",center data,13,3,50000,25108,0.50216,0.1673866667,homogeneous-defect
0.0784759970351461,0.05,"(7, 7)",center data,13,3,50000,25067,0.50134,0.1671133333,homogeneous-defect
0.0784759970351461,0.25,"(7, 7)",center data,13,3,50000,24978,0.49956,0.16652,homogeneous-defect
0.0784759970351461,0.5,"(7, 7)",center data,13,3,50000,25072,0.50144,0.1671466667,homogeneous-defect
0.0784759970351461,0.75,"(7, 7)",center data,13,3,50000,24922,0.49844,0.1661466667,homogeneous-defect
0.1,0.0,"(7, 7)",center data,13,3,50000,25026,0.50052,0.16684,homogeneous-defect
0.1,0.05,"(7, 7)",center data,13,3,50000,24752,0.49504,0.1650133333,homogeneous-defect
0.1,0.25,"(7, 7)",center data,13,3,50000,25122,0.50244,0.16748,homogeneous-defect
0.1,0.5,"(7, 7)",center data,13,3,50000,25160,0.5032,0.1677333333,homogeneous-defect
0.1,0.75,"(7, 7)",center data,13,3,50000,24991,0.49982,0.1666066667,homogeneous-defect
0.00127427498570313,0.05,"(8, 8)",center data,15,3,50000,0,0.0,0.0,homogeneous-defect
0.001,0.05,"(8, 8)",center data,15,3,50000,0,0.0,0.0,homogeneous-defect
0.00127427498570313,0.25,"(8, 8)",center data,15,3,50000,0,0.0,0.0,homogeneous-defect
0.00162377673918872,0.0,"(8, 8)",center data,15,3,50000,0,0.0,0.0,homogeneous-defect
0.001,0.25,"(8, 8)",center data,15,3,50000,0,0.0,0.0,homogeneous-defect
0.001,0.0,"(8, 8)",center data,15,3,50000,0,0.0,0.0,homogeneous-defect
0.001,0.5,"(8, 8)",center data,15,3,50000,0,0.0,0.0,homogeneous-defect
0.00127427498570313,0.5,"(8, 8)",center data,15,3,50000,1,2e-05,6.666666667e-06,homogeneous-defect
0.001,0.75,"(8, 8)",center data,15,3,50000,0,0.0,0.0,homogeneous-defect
0.00127427498570313,0.75,"(8, 8)",center data,15,3,50000,0,0.0,0.0,homogeneous-defect
0.00162377673918872,0.05,"(8, 8)",center data,15,3,50000,1,2e-05,6.666666667e-06,homogeneous-defect
0.00127427498570313,0.0,"(8, 8)",center data,15,3,50000,0,0.0,0.0,homogeneous-defect
0.00162377673918872,0.25,"(8, 8)",center data,15,3,50000,0,0.0,0.0,homogeneous-defect
0.00162377673918872,0.5,"(8, 8)",center data,15,3,50000,0,0.0,0.0,homogeneous-defect
0.00162377673918872,0.75,"(8, 8)",center data,15,3,50000,0,0.0,0.0,homogeneous-defect
0.00206913808111479,0.0,"(8, 8)",center data,15,3,50000,0,0.0,0.0,homogeneous-defect
0.00206913808111479,0.05,"(8, 8)",center data,15,3,50000,0,0.0,0.0,homogeneous-defect
0.00206913808111479,0.25,"(8, 8)",center data,15,3,50000,2,4e-05,1.333333333e-05,homogeneous-defect
0.00206913808111479,0.5,"(8, 8)",center data,15,3,50000,0,0.0,0.0,homogeneous-defect
0.00206913808111479,0.75,"(8, 8)",center data,15,3,50000,2,4e-05,1.333333333e-05,homogeneous-defect
0.00263665089873036,0.0,"(8, 8)",center data,15,3,50000,3,6e-05,2e-05,homogeneous-defect
0.00263665089873036,0.05,"(8, 8)",center data,15,3,50000,3,6e-05,2e-05,homogeneous-defect
0.00263665089873036,0.25,"(8, 8)",center data,15,3,50000,5,0.0001,3.333333333e-05,homogeneous-defect
0.00263665089873036,0.5,"(8, 8)",center data,15,3,50000,11,0.00022,7.333333333e-05,homogeneous-defect
0.00263665089873036,0.75,"(8, 8)",center data,15,3,50000,5,0.0001,3.333333333e-05,homogeneous-defect
0.00335981828628378,0.0,"(8, 8)",center data,15,3,50000,19,0.00038,0.0001266666667,homogeneous-defect
0.00335981828628378,0.05,"(8, 8)",center data,15,3,50000,25,0.0005,0.0001666666667,homogeneous-defect
0.00335981828628378,0.25,"(8, 8)",center data,15,3,50000,24,0.00048,0.00016,homogeneous-defect
0.00335981828628378,0.5,"(8, 8)",center data,15,3,50000,35,0.0007,0.0002333333333,homogeneous-defect
0.00335981828628378,0.75,"(8, 8)",center data,15,3,50000,43,0.00086,0.0002866666667,homogeneous-defect
0.0042813323987194,0.0,"(8, 8)",center data,15,3,50000,97,0.00194,0.0006466666667,homogeneous-defect
0.0042813323987194,0.05,"(8, 8)",center data,15,3,50000,117,0.00234,0.00078,homogeneous-defect
0.0042813323987194,0.25,"(8, 8)",center data,15,3,50000,116,0.00232,0.0007733333333,homogeneous-defect
0.0042813323987194,0.5,"(8, 8)",center data,15,3,50000,137,0.00274,0.0009133333333,homogeneous-defect
0.0042813323987194,0.75,"(8, 8)",center data,15,3,50000,170,0.0034,0.001133333333,homogeneous-defect
0.00545559478116852,0.0,"(8, 8)",center data,15,3,50000,417,0.00834,0.00278,homogeneous-defect
0.00545559478116852,0.05,"(8, 8)",center data,15,3,50000,464,0.00928,0.003093333333,homogeneous-defect
0.00545559478116852,0.25,"(8, 8)",center data,15,3,50000,565,0.0113,0.003766666667,homogeneous-defect
0.00545559478116852,0.5,"(8, 8)",center data,15,3,50000,584,0.01168,0.003893333333,homogeneous-defect
0.00545559478116852,0.75,"(8, 8)",center data,15,3,50000,596,0.01192,0.003973333333,homogeneous-defect
0.0069519279617756,0.0,"(8, 8)",center data,15,3,50000,1709,0.03418,0.01139333333,homogeneous-defect
0.0069519279617756,0.05,"(8, 8)",center data,15,3,50000,1899,0.03798,0.01266,homogeneous-defect
0.0069519279617756,0.25,"(8, 8)",center data,15,3,50000,2034,0.04068,0.01356,homogeneous-defect
0.0069519279617756,0.5,"(8, 8)",center data,15,3,50000,2107,0.04214,0.01404666667,homogeneous-defect
0.0069519279617756,0.75,"(8, 8)",center data,15,3,50000,2209,0.04418,0.01472666667,homogeneous-defect
0.00885866790410082,0.0,"(8, 8)",center data,15,3,50000,5626,0.11252,0.03750666667,homogeneous-defect
0.00885866790410082,0.05,"(8, 8)",center data,15,3,50000,5800,0.116,0.03866666667,homogeneous-defect
0.00885866790410082,0.25,"(8, 8)",center data,15,3,50000,6091,0.12182,0.04060666667,homogeneous-defect
0.00885866790410082,0.5,"(8, 8)",center data,15,3,50000,6259,0.12518,0.04172666667,homogeneous-defect
0.00885866790410082,0.75,"(8, 8)",center data,15,3,50000,6294,0.12588,0.04196,homogeneous-defect
0.0112883789168469,0.0,"(8, 8)",center data,15,3,50000,12690,0.2538,0.0846,homogeneous-defect
0.0112883789168469,0.05,"(8, 8)",center data,15,3,50000,13175,0.2635,0.08783333333,homogeneous-defect
0.0112883789168469,0.25,"(8, 8)",center data,15,3,50000,13216,0.26432,0.08810666667,homogeneous-defect
0.0112883789168469,0.5,"(8, 8)",center data,15,3,50000,13560,0.2712,0.0904,homogeneous-defect
0.0112883789168469,0.75,"(8, 8)",center data,15,3,50000,13357,0.26714,0.08904666667,homogeneous-defect
0.0143844988828766,0.0,"(8, 8)",center data,15,3,50000,20222,0.40444,0.1348133333,homogeneous-defect
0.0143844988828766,0.05,"(8, 8)",center data,15,3,50000,20181,0.40362,0.13454,homogeneous-defect
0.0143844988828766,0.25,"(8, 8)",center data,15,3,50000,20544,0.41088,0.13696,homogeneous-defect
0.0143844988828766,0.5,"(8, 8)",center data,15,3,50000,20390,0.4078,0.1359333333,homogeneous-defect
0.0143844988828766,0.75,"(8, 8)",center data,15,3,50000,20616,0.41232,0.13744,homogeneous-defect
0.0183298071083244,0.0,"(8, 8)",center data,15,3,50000,24063,0.48126,0.16042,homogeneous-defect
0.0183298071083244,0.05,"(8, 8)",center data,15,3,50000,24174,0.48348,0.16116,homogeneous-defect
0.0183298071083244,0.25,"(8, 8)",center data,15,3,50000,24128,0.48256,0.1608533333,homogeneous-defect
0.0183298071083244,0.5,"(8, 8)",center data,15,3,50000,24378,0.48756,0.16252,homogeneous-defect
0.0183298071083244,0.75,"(8, 8)",center data,15,3,50000,24195,0.4839,0.1613,homogeneous-defect
0.0233572146909012,0.0,"(8, 8)",center data,15,3,50000,24876,0.49752,0.16584,homogeneous-defect
0.0233572146909012,0.05,"(8, 8)",center data,15,3,50000,25048,0.50096,0.1669866667,homogeneous-defect
0.0233572146909012,0.25,"(8, 8)",center data,15,3,50000,25034,0.50068,0.1668933333,homogeneous-defect
0.0233572146909012,0.5,"(8, 8)",center data,15,3,50000,24878,0.49756,0.1658533333,homogeneous-defect
0.0233572146909012,0.75,"(8, 8)",center data,15,3,50000,24788,0.49576,0.1652533333,homogeneous-defect
0.0297635144163132,0.0,"(8, 8)",center data,15,3,50000,24976,0.49952,0.1665066667,homogeneous-defect
0.0297635144163132,0.05,"(8, 8)",center data,15,3,50000,24955,0.4991,0.1663666667,homogeneous-defect
0.0297635144163132,0.25,"(8, 8)",center data,15,3,50000,25005,0.5001,0.1667,homogeneous-defect
0.0297635144163132,0.5,"(8, 8)",center data,15,3,50000,25006,0.50012,0.1667066667,homogeneous-defect
0.0297635144163132,0.75,"(8, 8)",center data,15,3,50000,25069,0.50138,0.1671266667,homogeneous-defect
0.0379269019073225,0.0,"(8, 8)",center data,15,3,50000,25181,0.50362,0.1678733333,homogeneous-defect
0.0379269019073225,0.05,"(8, 8)",center data,15,3,50000,24954,0.49908,0.16636,homogeneous-defect
0.0379269019073225,0.25,"(8, 8)",center data,15,3,50000,25024,0.50048,0.1668266667,homogeneous-defect
0.0379269019073225,0.5,"(8, 8)",center data,15,3,50000,25146,0.50292,0.16764,homogeneous-defect
0.0379269019073225,0.75,"(8, 8)",center data,15,3,50000,25046,0.50092,0.1669733333,homogeneous-defect
0.0483293023857175,0.0,"(8, 8)",center data,15,3,50000,24883,0.49766,0.1658866667,homogeneous-defect
0.0483293023857175,0.05,"(8, 8)",center data,15,3,50000,24960,0.4992,0.1664,homogeneous-defect
0.0483293023857175,0.25,"(8, 8)",center data,15,3,50000,24894,0.49788,0.16596,homogeneous-defect
0.0483293023857175,0.5,"(8, 8)",center data,15,3,50000,24898,0.49796,0.1659866667,homogeneous-defect
0.0483293023857175,0.75,"(8, 8)",center data,15,3,50000,25209,0.50418,0.16806,homogeneous-defect
0.0615848211066026,0.0,"(8, 8)",center data,15,3,50000,24936,0.49872,0.16624,homogeneous-defect
0.0615848211066026,0.05,"(8, 8)",center data,15,3,50000,24910,0.4982,0.1660666667,homogeneous-defect
0.0615848211066026,0.25,"(8, 8)",center data,15,3,50000,25150,0.503,0.1676666667,homogeneous-defect
0.0615848211066026,0.5,"(8, 8)",center data,15,3,50000,25231,0.50462,0.1682066667,homogeneous-defect
0.0615848211066026,0.75,"(8, 8)",center data,15,3,50000,25063,0.50126,0.1670866667,homogeneous-defect
0.0784759970351461,0.0,"(8, 8)",center data,15,3,50000,25138,0.50276,0.1675866667,homogeneous-defect
0.0784759970351461,0.05,"(8, 8)",center data,15,3,50000,25029,0.50058,0.16686,homogeneous-defect
0.0784759970351461,0.25,"(8, 8)",center data,15,3,50000,25052,0.50104,0.1670133333,homogeneous-defect
0.0784759970351461,0.5,"(8, 8)",center data,15,3,50000,24868,0.49736,0.1657866667,homogeneous-defect
0.0784759970351461,0.75,"(8, 8)",center data,15,3,50000,24740,0.4948,0.1649333333,homogeneous-defect
0.1,0.0,"(8, 8)",center data,15,3,50000,24989,0.49978,0.1665933333,homogeneous-defect
0.1,0.05,"(8, 8)",center data,15,3,50000,25148,0.50296,0.1676533333,homogeneous-defect
0.1,0.25,"(8, 8)",center data,15,3,50000,25068,0.50136,0.16712,homogeneous-defect
0.1,0.5,"(8, 8)",center data,15,3,50000,24834,0.49668,0.16556,homogeneous-defect
0.1,0.75,"(8, 8)",center data,15,3,50000,25075,0.5015,0.1671666667,homogeneous-defect
0.001,0.0,"(9, 9)",center data,17,3,50000,0,0.0,0.0,homogeneous-defect
0.00127427498570313,0.0,"(9, 9)",center data,17,3,50000,0,0.0,0.0,homogeneous-defect
0.001,0.5,"(9, 9)",center data,17,3,50000,0,0.0,0.0,homogeneous-defect
0.00127427498570313,0.25,"(9, 9)",center data,17,3,50000,0,0.0,0.0,homogeneous-defect
0.00127427498570313,0.05,"(9, 9)",center data,17,3,50000,0,0.0,0.0,homogeneous-defect
0.00127427498570313,0.75,"(9, 9)",center data,17,3,50000,0,0.0,0.0,homogeneous-defect
0.001,0.25,"(9, 9)",center data,17,3,50000,0,0.0,0.0,homogeneous-defect
0.001,0.75,"(9, 9)",center data,17,3,50000,0,0.0,0.0,homogeneous-defect
0.00162377673918872,0.05,"(9, 9)",center data,17,3,50000,0,0.0,0.0,homogeneous-defect
0.00162377673918872,0.0,"(9, 9)",center data,17,3,50000,0,0.0,0.0,homogeneous-defect
0.00127427498570313,0.5,"(9, 9)",center data,17,3,50000,0,0.0,0.0,homogeneous-defect
0.001,0.05,"(9, 9)",center data,17,3,50000,0,0.0,0.0,homogeneous-defect
0.00162377673918872,0.25,"(9, 9)",center data,17,3,50000,0,0.0,0.0,homogeneous-defect
0.00162377673918872,0.5,"(9, 9)",center data,17,3,50000,0,0.0,0.0,homogeneous-defect
0.00206913808111479,0.05,"(9, 9)",center data,17,3,50000,1,2e-05,6.666666667e-06,homogeneous-defect
0.00162377673918872,0.75,"(9, 9)",center data,17,3,50000,0,0.0,0.0,homogeneous-defect
0.00206913808111479,0.25,"(9, 9)",center data,17,3,50000,0,0.0,0.0,homogeneous-defect
0.00206913808111479,0.5,"(9, 9)",center data,17,3,50000,1,2e-05,6.666666667e-06,homogeneous-defect
0.00206913808111479,0.0,"(9, 9)",center data,17,3,50000,0,0.0,0.0,homogeneous-defect
0.00206913808111479,0.75,"(9, 9)",center data,17,3,50000,1,2e-05,6.666666667e-06,homogeneous-defect
0.00263665089873036,0.0,"(9, 9)",center data,17,3,50000,1,2e-05,6.666666667e-06,homogeneous-defect
0.00263665089873036,0.05,"(9, 9)",center data,17,3,50000,1,2e-05,6.666666667e-06,homogeneous-defect
0.00263665089873036,0.25,"(9, 9)",center data,17,3,50000,2,4e-05,1.333333333e-05,homogeneous-defect
0.00263665089873036,0.5,"(9, 9)",center data,17,3,50000,1,2e-05,6.666666667e-06,homogeneous-defect
0.00263665089873036,0.75,"(9, 9)",center data,17,3,50000,2,4e-05,1.333333333e-05,homogeneous-defect
0.00335981828628378,0.0,"(9, 9)",center data,17,3,50000,6,0.00012,4e-05,homogeneous-defect
0.00335981828628378,0.05,"(9, 9)",center data,17,3,50000,10,0.0002,6.666666667e-05,homogeneous-defect
0.00335981828628378,0.25,"(9, 9)",center data,17,3,50000,15,0.0003,0.0001,homogeneous-defect
0.00335981828628378,0.5,"(9, 9)",center data,17,3,50000,17,0.00034,0.0001133333333,homogeneous-defect
0.00335981828628378,0.75,"(9, 9)",center data,17,3,50000,12,0.00024,8e-05,homogeneous-defect
0.0042813323987194,0.0,"(9, 9)",center data,17,3,50000,58,0.00116,0.0003866666667,homogeneous-defect
0.0042813323987194,0.05,"(9, 9)",center data,17,3,50000,60,0.0012,0.0004,homogeneous-defect
0.0042813323987194,0.25,"(9, 9)",center data,17,3,50000,61,0.00122,0.0004066666667,homogeneous-defect
0.0042813323987194,0.5,"(9, 9)",center data,17,3,50000,68,0.00136,0.0004533333333,homogeneous-defect
0.0042813323987194,0.75,"(9, 9)",center data,17,3,50000,78,0.00156,0.00052,homogeneous-defect
0.00545559478116852,0.0,"(9, 9)",center data,17,3,50000,325,0.0065,0.002166666667,homogeneous-defect
0.00545559478116852,0.05,"(9, 9)",center data,17,3,50000,347,0.00694,0.002313333333,homogeneous-defect
0.00545559478116852,0.25,"(9, 9)",center data,17,3,50000,377,0.00754,0.002513333333,homogeneous-defect
0.00545559478116852,0.5,"(9, 9)",center data,17,3,50000,393,0.00786,0.00262,homogeneous-defect
0.00545559478116852,0.75,"(9, 9)",center data,17,3,50000,428,0.00856,0.002853333333,homogeneous-defect
0.0069519279617756,0.0,"(9, 9)",center data,17,3,50000,1450,0.029,0.009666666667,homogeneous-defect
0.0069519279617756,0.05,"(9, 9)",center data,17,3,50000,1522,0.03044,0.01014666667,homogeneous-defect
0.0069519279617756,0.25,"(9, 9)",center data,17,3,50000,1713,0.03426,0.01142,homogeneous-defect
0.0069519279617756,0.5,"(9, 9)",center data,17,3,50000,1714,0.03428,0.01142666667,homogeneous-defect
0.0069519279617756,0.75,"(9, 9)",center data,17,3,50000,1753,0.03506,0.01168666667,homogeneous-defect
0.00885866790410082,0.0,"(9, 9)",center data,17,3,50000,5170,0.1034,0.03446666667,homogeneous-defect
0.00885866790410082,0.05,"(9, 9)",center data,17,3,50000,5445,0.1089,0.0363,homogeneous-defect
0.00885866790410082,0.25,"(9, 9)",center data,17,3,50000,5674,0.11348,0.03782666667,homogeneous-defect
0.00885866790410082,0.5,"(9, 9)",center data,17,3,50000,5868,0.11736,0.03912,homogeneous-defect
0.00885866790410082,0.75,"(9, 9)",center data,17,3,50000,5745,0.1149,0.0383,homogeneous-defect
0.0112883789168469,0.0,"(9, 9)",center data,17,3,50000,13115,0.2623,0.08743333333,homogeneous-defect
0.0112883789168469,0.05,"(9, 9)",center data,17,3,50000,13221,0.26442,0.08814,homogeneous-defect
0.0112883789168469,0.25,"(9, 9)",center data,17,3,50000,13451,0.26902,0.08967333333,homogeneous-defect
0.0112883789168469,0.5,"(9, 9)",center data,17,3,50000,13449,0.26898,0.08966,homogeneous-defect
0.0112883789168469,0.75,"(9, 9)",center data,17,3,50000,13498,0.26996,0.08998666667,homogeneous-defect
0.0143844988828766,0.0,"(9, 9)",center data,17,3,50000,20760,0.4152,0.1384,homogeneous-defect
0.0143844988828766,0.05,"(9, 9)",center data,17,3,50000,21053,0.42106,0.1403533333,homogeneous-defect
0.0143844988828766,0.25,"(9, 9)",center data,17,3,50000,21165,0.4233,0.1411,homogeneous-defect
0.0143844988828766,0.5,"(9, 9)",center data,17,3,50000,21134,0.42268,0.1408933333,homogeneous-defect
0.0143844988828766,0.75,"(9, 9)",center data,17,3,50000,21095,0.4219,0.1406333333,homogeneous-defect
0.0183298071083244,0.0,"(9, 9)",center data,17,3,50000,24440,0.4888,0.1629333333,homogeneous-defect
0.0183298071083244,0.05,"(9, 9)",center data,17,3,50000,24300,0.486,0.162,homogeneous-defect
0.0183298071083244,0.25,"(9, 9)",center data,17,3,50000,24674,0.49348,0.1644933333,homogeneous-defect
0.0183298071083244,0.5,"(9, 9)",center data,17,3,50000,24388,0.48776,0.1625866667,homogeneous-defect
0.0183298071083244,0.75,"(9, 9)",center data,17,3,50000,24503,0.49006,0.1633533333,homogeneous-defect
0.0233572146909012,0.0,"(9, 9)",center data,17,3,50000,24859,0.49718,0.1657266667,homogeneous-defect
0.0233572146909012,0.05,"(9, 9)",center data,17,3,50000,24945,0.4989,0.1663,homogeneous-defect
0.0233572146909012,0.25,"(9, 9)",center data,17,3,50000,25062,0.50124,0.16708,homogeneous-defect
0.0233572146909012,0.5,"(9, 9)",center data,17,3,50000,25119,0.50238,0.16746,homogeneous-defect
0.0233572146909012,0.75,"(9, 9)",center data,17,3,50000,24931,0.49862,0.1662066667,homogeneous-defect
0.0297635144163132,0.0,"(9, 9)",center data,17,3,50000,24957,0.49914,0.16638,homogeneous-defect
0.0297635144163132,0.05,"(9, 9)",center data,17,3,50000,25199,0.50398,0.1679933333,homogeneous-defect
0.0297635144163132,0.25,"(9, 9)",center data,17,3,50000,24895,0.4979,0.1659666667,homogeneous-defect
0.0297635144163132,0.5,"(9, 9)",center data,17,3,50000,24766,0.49532,0.1651066667,homogeneous-defect
0.0297635144163132,0.75,"(9, 9)",center data,17,3,50000,24908,0.49816,0.1660533333,homogeneous-defect
0.0379269019073225,0.0,"(9, 9)",center data,17,3,50000,24815,0.4963,0.1654333333,homogeneous-defect
0.0379269019073225,0.05,"(9, 9)",center data,17,3,50000,25046,0.50092,0.1669733333,homogeneous-defect
0.0379269019073225,0.25,"(9, 9)",center data,17,3,50000,24982,0.49964,0.1665466667,homogeneous-defect
0.0379269019073225,0.5,"(9, 9)",center data,17,3,50000,25196,0.50392,0.1679733333,homogeneous-defect
0.0379269019073225,0.75,"(9, 9)",center data,17,3,50000,24990,0.4998,0.1666,homogeneous-defect
0.0483293023857175,0.0,"(9, 9)",center data,17,3,50000,24934,0.49868,0.1662266667,homogeneous-defect
0.0483293023857175,0.05,"(9, 9)",center data,17,3,50000,24900,0.498,0.166,homogeneous-defect
0.0483293023857175,0.25,"(9, 9)",center data,17,3,50000,25242,0.50484,0.16828,homogeneous-defect
0.0483293023857175,0.5,"(9, 9)",center data,17,3,50000,24840,0.4968,0.1656,homogeneous-defect
0.0483293023857175,0.75,"(9, 9)",center data,17,3,50000,25034,0.50068,0.1668933333,homogeneous-defect
0.0615848211066026,0.0,"(9, 9)",center data,17,3,50000,24970,0.4994,0.1664666667,homogeneous-defect
0.0615848211066026,0.05,"(9, 9)",center data,17,3,50000,25036,0.50072,0.1669066667,homogeneous-defect
0.0615848211066026,0.25,"(9, 9)",center data,17,3,50000,25149,0.50298,0.16766,homogeneous-defect
0.0615848211066026,0.5,"(9, 9)",center data,17,3,50000,24945,0.4989,0.1663,homogeneous-defect
0.0615848211066026,0.75,"(9, 9)",center data,17,3,50000,25106,0.50212,0.1673733333,homogeneous-defect
0.0784759970351461,0.0,"(9, 9)",center data,17,3,50000,24793,0.49586,0.1652866667,homogeneous-defect
0.0784759970351461,0.05,"(9, 9)",center data,17,3,50000,24943,0.49886,0.1662866667,homogeneous-defect
0.0784759970351461,0.25,"(9, 9)",center data,17,3,50000,24924,0.49848,0.16616,homogeneous-defect
0.0784759970351461,0.5,"(9, 9)",center data,17,3,50000,25172,0.50344,0.1678133333,homogeneous-defect
0.0784759970351461,0.75,"(9, 9)",center data,17,3,50000,25017,0.50034,0.16678,homogeneous-defect
0.1,0.0,"(9, 9)",center data,17,3,50000,25135,0.5027,0.1675666667,homogeneous-defect
0.1,0.05,"(9, 9)",center data,17,3,50000,25252,0.50504,0.1683466667,homogeneous-defect
0.1,0.25,"(9, 9)",center data,17,3,50000,24827,0.49654,0.1655133333,homogeneous-defect
0.1,0.5,"(9, 9)",center data,17,3,50000,25070,0.5014,0.1671333333,homogeneous-defect
0.1,0.75,"(9, 9)",center data,17,3,50000,25106,0.50212,0.1673733333,homogeneous-defect
